trade_id,price,amount,direction,timestamp
,119291.5,6,sell,2025-08-12 14:56:22.361
,119291.5,36,sell,2025-08-12 14:56:27.879
,119291.5,30,sell,2025-08-12 14:56:30.473
,119291.5,6,sell,2025-08-12 14:56:22.361
,119291.5,36,sell,2025-08-12 14:56:27.879
,119291.5,30,sell,2025-08-12 14:56:30.473
,119291.6,82,buy,2025-08-12 14:56:36.843
,119291.5,2,sell,2025-08-12 14:56:39.044
,119291.6,110,buy,2025-08-12 14:56:40.123
,119291.5,6,sell,2025-08-12 14:56:22.361
,119291.5,36,sell,2025-08-12 14:56:27.879
,119291.5,30,sell,2025-08-12 14:56:30.473
,119291.6,82,buy,2025-08-12 14:56:36.843
,119291.5,2,sell,2025-08-12 14:56:39.044
,119291.6,110,buy,2025-08-12 14:56:40.123
,119291.6,8,buy,2025-08-12 14:56:43.783
,119291.6,2,buy,2025-08-12 14:56:46.352
,119291.6,66,buy,2025-08-12 14:56:46.352
,119291.8,10,buy,2025-08-12 14:56:46.850
,119305.0,2,buy,2025-08-12 14:56:47.120
,119307.1,6,buy,2025-08-12 14:56:50.707
,119307.1,52,buy,2025-08-12 14:56:51.243
,119307.1,58,buy,2025-08-12 14:56:51.243
,119291.5,6,sell,2025-08-12 14:56:22.361
,119291.5,36,sell,2025-08-12 14:56:27.879
,119291.5,30,sell,2025-08-12 14:56:30.473
,119291.6,82,buy,2025-08-12 14:56:36.843
,119291.5,2,sell,2025-08-12 14:56:39.044
,119291.6,110,buy,2025-08-12 14:56:40.123
,119291.6,8,buy,2025-08-12 14:56:43.783
,119291.6,2,buy,2025-08-12 14:56:46.352
,119291.6,66,buy,2025-08-12 14:56:46.352
,119291.8,10,buy,2025-08-12 14:56:46.850
,119305.0,2,buy,2025-08-12 14:56:47.120
,119307.1,6,buy,2025-08-12 14:56:50.707
,119307.1,52,buy,2025-08-12 14:56:51.243
,119307.1,58,buy,2025-08-12 14:56:51.243
,119307.1,2,buy,2025-08-12 14:56:58.331
,119291.5,6,sell,2025-08-12 14:56:22.361
,119291.5,36,sell,2025-08-12 14:56:27.879
,119291.5,30,sell,2025-08-12 14:56:30.473
,119291.6,82,buy,2025-08-12 14:56:36.843
,119291.5,2,sell,2025-08-12 14:56:39.044
,119291.6,110,buy,2025-08-12 14:56:40.123
,119291.6,8,buy,2025-08-12 14:56:43.783
,119291.6,2,buy,2025-08-12 14:56:46.352
,119291.6,66,buy,2025-08-12 14:56:46.352
,119291.8,10,buy,2025-08-12 14:56:46.850
,119305.0,2,buy,2025-08-12 14:56:47.120
,119307.1,6,buy,2025-08-12 14:56:50.707
,119307.1,52,buy,2025-08-12 14:56:51.243
,119307.1,58,buy,2025-08-12 14:56:51.243
,119307.1,2,buy,2025-08-12 14:56:58.331
,119307.1,142,buy,2025-08-12 14:57:04.513
,119307.1,332,buy,2025-08-12 14:57:04.513
,119307.1,332,buy,2025-08-12 14:57:04.513
,119307.1,110,buy,2025-08-12 14:57:04.513
,119307.1,94,buy,2025-08-12 14:57:04.513
,119307.1,112,buy,2025-08-12 14:57:04.513
,119307.1,266,buy,2025-08-12 14:57:04.513
,119307.1,66,buy,2025-08-12 14:57:04.513
,119307.1,102,buy,2025-08-12 14:57:04.513
,119307.1,18,buy,2025-08-12 14:57:04.513
,119307.1,418,buy,2025-08-12 14:57:04.513
,119307.1,8,buy,2025-08-12 14:57:04.513
,119307.0,2,sell,2025-08-12 14:57:05.010
,119307.1,2,buy,2025-08-12 14:57:06.164
,119307.0,18,sell,2025-08-12 14:57:10.077
,119307.1,2,buy,2025-08-12 14:57:11.235
,119307.1,2,buy,2025-08-12 14:57:11.598
,119307.1,20,buy,2025-08-12 14:57:12.071
,119307.0,2,sell,2025-08-12 14:57:13.495
,119291.5,6,sell,2025-08-12 14:56:22.361
,119291.5,36,sell,2025-08-12 14:56:27.879
,119291.5,30,sell,2025-08-12 14:56:30.473
,119291.6,82,buy,2025-08-12 14:56:36.843
,119291.5,2,sell,2025-08-12 14:56:39.044
,119291.6,110,buy,2025-08-12 14:56:40.123
,119291.6,8,buy,2025-08-12 14:56:43.783
,119291.6,2,buy,2025-08-12 14:56:46.352
,119291.6,66,buy,2025-08-12 14:56:46.352
,119291.8,10,buy,2025-08-12 14:56:46.850
,119305.0,2,buy,2025-08-12 14:56:47.120
,119307.1,6,buy,2025-08-12 14:56:50.707
,119307.1,52,buy,2025-08-12 14:56:51.243
,119307.1,58,buy,2025-08-12 14:56:51.243
,119307.1,2,buy,2025-08-12 14:56:58.331
,119307.1,142,buy,2025-08-12 14:57:04.513
,119307.1,332,buy,2025-08-12 14:57:04.513
,119307.1,332,buy,2025-08-12 14:57:04.513
,119307.1,110,buy,2025-08-12 14:57:04.513
,119307.1,94,buy,2025-08-12 14:57:04.513
,119307.1,112,buy,2025-08-12 14:57:04.513
,119307.1,266,buy,2025-08-12 14:57:04.513
,119307.1,66,buy,2025-08-12 14:57:04.513
,119307.1,102,buy,2025-08-12 14:57:04.513
,119307.1,18,buy,2025-08-12 14:57:04.513
,119307.1,418,buy,2025-08-12 14:57:04.513
,119307.1,8,buy,2025-08-12 14:57:04.513
,119307.0,2,sell,2025-08-12 14:57:05.010
,119307.1,2,buy,2025-08-12 14:57:06.164
,119307.0,18,sell,2025-08-12 14:57:10.077
,119307.1,2,buy,2025-08-12 14:57:11.235
,119307.1,2,buy,2025-08-12 14:57:11.598
,119307.1,20,buy,2025-08-12 14:57:12.071
,119307.0,2,sell,2025-08-12 14:57:13.495
,119307.0,56,sell,2025-08-12 14:57:17.790
,119291.5,6,sell,2025-08-12 14:56:22.361
,119291.5,36,sell,2025-08-12 14:56:27.879
,119291.5,30,sell,2025-08-12 14:56:30.473
,119291.6,82,buy,2025-08-12 14:56:36.843
,119291.5,2,sell,2025-08-12 14:56:39.044
,119291.6,110,buy,2025-08-12 14:56:40.123
,119291.6,8,buy,2025-08-12 14:56:43.783
,119291.6,2,buy,2025-08-12 14:56:46.352
,119291.6,66,buy,2025-08-12 14:56:46.352
,119291.8,10,buy,2025-08-12 14:56:46.850
,119305.0,2,buy,2025-08-12 14:56:47.120
,119307.1,6,buy,2025-08-12 14:56:50.707
,119307.1,52,buy,2025-08-12 14:56:51.243
,119307.1,58,buy,2025-08-12 14:56:51.243
,119307.1,2,buy,2025-08-12 14:56:58.331
,119307.1,142,buy,2025-08-12 14:57:04.513
,119307.1,332,buy,2025-08-12 14:57:04.513
,119307.1,332,buy,2025-08-12 14:57:04.513
,119307.1,110,buy,2025-08-12 14:57:04.513
,119307.1,94,buy,2025-08-12 14:57:04.513
,119307.1,112,buy,2025-08-12 14:57:04.513
,119307.1,266,buy,2025-08-12 14:57:04.513
,119307.1,66,buy,2025-08-12 14:57:04.513
,119307.1,102,buy,2025-08-12 14:57:04.513
,119307.1,18,buy,2025-08-12 14:57:04.513
,119307.1,418,buy,2025-08-12 14:57:04.513
,119307.1,8,buy,2025-08-12 14:57:04.513
,119307.0,2,sell,2025-08-12 14:57:05.010
,119307.1,2,buy,2025-08-12 14:57:06.164
,119307.0,18,sell,2025-08-12 14:57:10.077
,119307.1,2,buy,2025-08-12 14:57:11.235
,119307.1,2,buy,2025-08-12 14:57:11.598
,119307.1,20,buy,2025-08-12 14:57:12.071
,119307.0,2,sell,2025-08-12 14:57:13.495
,119307.0,56,sell,2025-08-12 14:57:17.790
,119307.0,42,sell,2025-08-12 14:57:31.663
,119307.1,2,buy,2025-08-12 14:57:33.632
,119291.5,6,sell,2025-08-12 14:56:22.361
,119291.5,36,sell,2025-08-12 14:56:27.879
,119291.5,30,sell,2025-08-12 14:56:30.473
,119291.6,82,buy,2025-08-12 14:56:36.843
,119291.5,2,sell,2025-08-12 14:56:39.044
,119291.6,110,buy,2025-08-12 14:56:40.123
,119291.6,8,buy,2025-08-12 14:56:43.783
,119291.6,2,buy,2025-08-12 14:56:46.352
,119291.6,66,buy,2025-08-12 14:56:46.352
,119291.8,10,buy,2025-08-12 14:56:46.850
,119305.0,2,buy,2025-08-12 14:56:47.120
,119307.1,6,buy,2025-08-12 14:56:50.707
,119307.1,52,buy,2025-08-12 14:56:51.243
,119307.1,58,buy,2025-08-12 14:56:51.243
,119307.1,2,buy,2025-08-12 14:56:58.331
,119307.1,142,buy,2025-08-12 14:57:04.513
,119307.1,332,buy,2025-08-12 14:57:04.513
,119307.1,332,buy,2025-08-12 14:57:04.513
,119307.1,110,buy,2025-08-12 14:57:04.513
,119307.1,94,buy,2025-08-12 14:57:04.513
,119307.1,112,buy,2025-08-12 14:57:04.513
,119307.1,266,buy,2025-08-12 14:57:04.513
,119307.1,66,buy,2025-08-12 14:57:04.513
,119307.1,102,buy,2025-08-12 14:57:04.513
,119307.1,18,buy,2025-08-12 14:57:04.513
,119307.1,418,buy,2025-08-12 14:57:04.513
,119307.1,8,buy,2025-08-12 14:57:04.513
,119307.0,2,sell,2025-08-12 14:57:05.010
,119307.1,2,buy,2025-08-12 14:57:06.164
,119307.0,18,sell,2025-08-12 14:57:10.077
,119307.1,2,buy,2025-08-12 14:57:11.235
,119307.1,2,buy,2025-08-12 14:57:11.598
,119307.1,20,buy,2025-08-12 14:57:12.071
,119307.0,2,sell,2025-08-12 14:57:13.495
,119307.0,56,sell,2025-08-12 14:57:17.790
,119307.0,42,sell,2025-08-12 14:57:31.663
,119307.1,2,buy,2025-08-12 14:57:33.632
,119307.1,42,buy,2025-08-12 14:57:34.135
,119307.0,34,sell,2025-08-12 14:57:39.462
,119307.0,110,sell,2025-08-12 14:57:39.462
,119306.8,14,sell,2025-08-12 14:57:39.551
,119304.9,18,sell,2025-08-12 14:57:39.561
,119304.9,46,sell,2025-08-12 14:57:39.692
,119291.5,6,sell,2025-08-12 14:56:22.361
,119291.5,36,sell,2025-08-12 14:56:27.879
,119291.5,30,sell,2025-08-12 14:56:30.473
,119291.6,82,buy,2025-08-12 14:56:36.843
,119291.5,2,sell,2025-08-12 14:56:39.044
,119291.6,110,buy,2025-08-12 14:56:40.123
,119291.6,8,buy,2025-08-12 14:56:43.783
,119291.6,2,buy,2025-08-12 14:56:46.352
,119291.6,66,buy,2025-08-12 14:56:46.352
,119291.8,10,buy,2025-08-12 14:56:46.850
,119305.0,2,buy,2025-08-12 14:56:47.120
,119307.1,6,buy,2025-08-12 14:56:50.707
,119307.1,52,buy,2025-08-12 14:56:51.243
,119307.1,58,buy,2025-08-12 14:56:51.243
,119307.1,2,buy,2025-08-12 14:56:58.331
,119307.1,142,buy,2025-08-12 14:57:04.513
,119307.1,332,buy,2025-08-12 14:57:04.513
,119307.1,332,buy,2025-08-12 14:57:04.513
,119307.1,110,buy,2025-08-12 14:57:04.513
,119307.1,94,buy,2025-08-12 14:57:04.513
,119307.1,112,buy,2025-08-12 14:57:04.513
,119307.1,266,buy,2025-08-12 14:57:04.513
,119307.1,66,buy,2025-08-12 14:57:04.513
,119307.1,102,buy,2025-08-12 14:57:04.513
,119307.1,18,buy,2025-08-12 14:57:04.513
,119307.1,418,buy,2025-08-12 14:57:04.513
,119307.1,8,buy,2025-08-12 14:57:04.513
,119307.0,2,sell,2025-08-12 14:57:05.010
,119307.1,2,buy,2025-08-12 14:57:06.164
,119307.0,18,sell,2025-08-12 14:57:10.077
,119307.1,2,buy,2025-08-12 14:57:11.235
,119307.1,2,buy,2025-08-12 14:57:11.598
,119307.1,20,buy,2025-08-12 14:57:12.071
,119307.0,2,sell,2025-08-12 14:57:13.495
,119307.0,56,sell,2025-08-12 14:57:17.790
,119307.0,42,sell,2025-08-12 14:57:31.663
,119307.1,2,buy,2025-08-12 14:57:33.632
,119307.1,42,buy,2025-08-12 14:57:34.135
,119307.0,34,sell,2025-08-12 14:57:39.462
,119307.0,110,sell,2025-08-12 14:57:39.462
,119306.8,14,sell,2025-08-12 14:57:39.551
,119304.9,18,sell,2025-08-12 14:57:39.561
,119304.9,46,sell,2025-08-12 14:57:39.692
,119305.0,24,buy,2025-08-12 14:57:45.064
,119305.0,88,buy,2025-08-12 14:57:45.380
,119305.0,112,buy,2025-08-12 14:57:45.380
,119305.0,2,buy,2025-08-12 14:57:49.244
,119319.4,2,sell,2025-08-12 14:57:52.108
,119319.4,4,sell,2025-08-12 14:57:52.114
,119319.4,2,sell,2025-08-12 14:57:52.124
,119319.4,6,sell,2025-08-12 14:57:52.133
,119291.5,6,sell,2025-08-12 14:56:22.361
,119291.5,36,sell,2025-08-12 14:56:27.879
,119291.5,30,sell,2025-08-12 14:56:30.473
,119291.6,82,buy,2025-08-12 14:56:36.843
,119291.5,2,sell,2025-08-12 14:56:39.044
,119291.6,110,buy,2025-08-12 14:56:40.123
,119291.6,8,buy,2025-08-12 14:56:43.783
,119291.6,2,buy,2025-08-12 14:56:46.352
,119291.6,66,buy,2025-08-12 14:56:46.352
,119291.8,10,buy,2025-08-12 14:56:46.850
,119305.0,2,buy,2025-08-12 14:56:47.120
,119307.1,6,buy,2025-08-12 14:56:50.707
,119307.1,52,buy,2025-08-12 14:56:51.243
,119307.1,58,buy,2025-08-12 14:56:51.243
,119307.1,2,buy,2025-08-12 14:56:58.331
,119307.1,142,buy,2025-08-12 14:57:04.513
,119307.1,332,buy,2025-08-12 14:57:04.513
,119307.1,332,buy,2025-08-12 14:57:04.513
,119307.1,110,buy,2025-08-12 14:57:04.513
,119307.1,94,buy,2025-08-12 14:57:04.513
,119307.1,112,buy,2025-08-12 14:57:04.513
,119307.1,266,buy,2025-08-12 14:57:04.513
,119307.1,66,buy,2025-08-12 14:57:04.513
,119307.1,102,buy,2025-08-12 14:57:04.513
,119307.1,18,buy,2025-08-12 14:57:04.513
,119307.1,418,buy,2025-08-12 14:57:04.513
,119307.1,8,buy,2025-08-12 14:57:04.513
,119307.0,2,sell,2025-08-12 14:57:05.010
,119307.1,2,buy,2025-08-12 14:57:06.164
,119307.0,18,sell,2025-08-12 14:57:10.077
,119307.1,2,buy,2025-08-12 14:57:11.235
,119307.1,2,buy,2025-08-12 14:57:11.598
,119307.1,20,buy,2025-08-12 14:57:12.071
,119307.0,2,sell,2025-08-12 14:57:13.495
,119307.0,56,sell,2025-08-12 14:57:17.790
,119307.0,42,sell,2025-08-12 14:57:31.663
,119307.1,2,buy,2025-08-12 14:57:33.632
,119307.1,42,buy,2025-08-12 14:57:34.135
,119307.0,34,sell,2025-08-12 14:57:39.462
,119307.0,110,sell,2025-08-12 14:57:39.462
,119306.8,14,sell,2025-08-12 14:57:39.551
,119304.9,18,sell,2025-08-12 14:57:39.561
,119304.9,46,sell,2025-08-12 14:57:39.692
,119305.0,24,buy,2025-08-12 14:57:45.064
,119305.0,88,buy,2025-08-12 14:57:45.380
,119305.0,112,buy,2025-08-12 14:57:45.380
,119305.0,2,buy,2025-08-12 14:57:49.244
,119319.4,2,sell,2025-08-12 14:57:52.108
,119319.4,4,sell,2025-08-12 14:57:52.114
,119319.4,2,sell,2025-08-12 14:57:52.124
,119319.4,6,sell,2025-08-12 14:57:52.133
,119319.5,58,buy,2025-08-12 14:57:57.859
,119319.5,36,buy,2025-08-12 14:57:57.859
,119319.5,8,buy,2025-08-12 14:57:57.859
,119319.4,12,sell,2025-08-12 14:58:01.450
,119319.4,24,sell,2025-08-12 14:58:01.450
,119291.5,6,sell,2025-08-12 14:56:22.361
,119291.5,36,sell,2025-08-12 14:56:27.879
,119291.5,30,sell,2025-08-12 14:56:30.473
,119291.6,82,buy,2025-08-12 14:56:36.843
,119291.5,2,sell,2025-08-12 14:56:39.044
,119291.6,110,buy,2025-08-12 14:56:40.123
,119291.6,8,buy,2025-08-12 14:56:43.783
,119291.6,2,buy,2025-08-12 14:56:46.352
,119291.6,66,buy,2025-08-12 14:56:46.352
,119291.8,10,buy,2025-08-12 14:56:46.850
,119305.0,2,buy,2025-08-12 14:56:47.120
,119307.1,6,buy,2025-08-12 14:56:50.707
,119307.1,52,buy,2025-08-12 14:56:51.243
,119307.1,58,buy,2025-08-12 14:56:51.243
,119307.1,2,buy,2025-08-12 14:56:58.331
,119307.1,142,buy,2025-08-12 14:57:04.513
,119307.1,332,buy,2025-08-12 14:57:04.513
,119307.1,332,buy,2025-08-12 14:57:04.513
,119307.1,110,buy,2025-08-12 14:57:04.513
,119307.1,94,buy,2025-08-12 14:57:04.513
,119307.1,112,buy,2025-08-12 14:57:04.513
,119307.1,266,buy,2025-08-12 14:57:04.513
,119307.1,66,buy,2025-08-12 14:57:04.513
,119307.1,102,buy,2025-08-12 14:57:04.513
,119307.1,18,buy,2025-08-12 14:57:04.513
,119307.1,418,buy,2025-08-12 14:57:04.513
,119307.1,8,buy,2025-08-12 14:57:04.513
,119307.0,2,sell,2025-08-12 14:57:05.010
,119307.1,2,buy,2025-08-12 14:57:06.164
,119307.0,18,sell,2025-08-12 14:57:10.077
,119307.1,2,buy,2025-08-12 14:57:11.235
,119307.1,2,buy,2025-08-12 14:57:11.598
,119307.1,20,buy,2025-08-12 14:57:12.071
,119307.0,2,sell,2025-08-12 14:57:13.495
,119307.0,56,sell,2025-08-12 14:57:17.790
,119307.0,42,sell,2025-08-12 14:57:31.663
,119307.1,2,buy,2025-08-12 14:57:33.632
,119307.1,42,buy,2025-08-12 14:57:34.135
,119307.0,34,sell,2025-08-12 14:57:39.462
,119307.0,110,sell,2025-08-12 14:57:39.462
,119306.8,14,sell,2025-08-12 14:57:39.551
,119304.9,18,sell,2025-08-12 14:57:39.561
,119304.9,46,sell,2025-08-12 14:57:39.692
,119305.0,24,buy,2025-08-12 14:57:45.064
,119305.0,88,buy,2025-08-12 14:57:45.380
,119305.0,112,buy,2025-08-12 14:57:45.380
,119305.0,2,buy,2025-08-12 14:57:49.244
,119319.4,2,sell,2025-08-12 14:57:52.108
,119319.4,4,sell,2025-08-12 14:57:52.114
,119319.4,2,sell,2025-08-12 14:57:52.124
,119319.4,6,sell,2025-08-12 14:57:52.133
,119319.5,58,buy,2025-08-12 14:57:57.859
,119319.5,36,buy,2025-08-12 14:57:57.859
,119319.5,8,buy,2025-08-12 14:57:57.859
,119319.4,12,sell,2025-08-12 14:58:01.450
,119319.4,24,sell,2025-08-12 14:58:01.450
,119319.5,2,buy,2025-08-12 14:58:04.572
,119333.8,2,sell,2025-08-12 14:58:12.293
,119333.8,2,sell,2025-08-12 14:58:12.303
,119333.9,32,buy,2025-08-12 14:58:13.227
,119333.9,26,buy,2025-08-12 14:58:13.354
,119336.7,58,buy,2025-08-12 14:58:14.186
,119336.7,2,buy,2025-08-12 14:58:16.206
,119345.8,2,buy,2025-08-12 14:58:17.335
,119345.8,56,buy,2025-08-12 14:58:17.475
,119346.2,2,buy,2025-08-12 14:58:17.475
,119350.4,60,buy,2025-08-12 14:58:17.480
,119350.7,2,buy,2025-08-12 14:58:17.480
,119351.4,2,buy,2025-08-12 14:58:17.480
,119354.4,4,buy,2025-08-12 14:58:17.480
,119355.0,46,buy,2025-08-12 14:58:17.481
,119355.0,76,buy,2025-08-12 14:58:17.483
,119355.0,68,buy,2025-08-12 14:58:17.627
,119355.2,10,buy,2025-08-12 14:58:17.627
,119357.0,6,buy,2025-08-12 14:58:17.627
,119357.8,38,buy,2025-08-12 14:58:17.627
,119357.8,20,buy,2025-08-12 14:58:17.793
,119358.0,10,buy,2025-08-12 14:58:17.793
,119364.0,60,buy,2025-08-12 14:58:17.793
,119365.5,2,buy,2025-08-12 14:58:17.793
,119369.2,2,buy,2025-08-12 14:58:17.793
,119369.7,56,buy,2025-08-12 14:58:17.793
,119369.7,2,buy,2025-08-12 14:58:18.174
,119369.7,10,buy,2025-08-12 14:58:18.174
,119291.5,6,sell,2025-08-12 14:56:22.361
,119291.5,36,sell,2025-08-12 14:56:27.879
,119291.5,30,sell,2025-08-12 14:56:30.473
,119291.6,82,buy,2025-08-12 14:56:36.843
,119291.5,2,sell,2025-08-12 14:56:39.044
,119291.6,110,buy,2025-08-12 14:56:40.123
,119291.6,8,buy,2025-08-12 14:56:43.783
,119291.6,2,buy,2025-08-12 14:56:46.352
,119291.6,66,buy,2025-08-12 14:56:46.352
,119291.8,10,buy,2025-08-12 14:56:46.850
,119305.0,2,buy,2025-08-12 14:56:47.120
,119307.1,6,buy,2025-08-12 14:56:50.707
,119307.1,52,buy,2025-08-12 14:56:51.243
,119307.1,58,buy,2025-08-12 14:56:51.243
,119307.1,2,buy,2025-08-12 14:56:58.331
,119307.1,142,buy,2025-08-12 14:57:04.513
,119307.1,332,buy,2025-08-12 14:57:04.513
,119307.1,332,buy,2025-08-12 14:57:04.513
,119307.1,110,buy,2025-08-12 14:57:04.513
,119307.1,94,buy,2025-08-12 14:57:04.513
,119307.1,112,buy,2025-08-12 14:57:04.513
,119307.1,266,buy,2025-08-12 14:57:04.513
,119307.1,66,buy,2025-08-12 14:57:04.513
,119307.1,102,buy,2025-08-12 14:57:04.513
,119307.1,18,buy,2025-08-12 14:57:04.513
,119307.1,418,buy,2025-08-12 14:57:04.513
,119307.1,8,buy,2025-08-12 14:57:04.513
,119307.0,2,sell,2025-08-12 14:57:05.010
,119307.1,2,buy,2025-08-12 14:57:06.164
,119307.0,18,sell,2025-08-12 14:57:10.077
,119307.1,2,buy,2025-08-12 14:57:11.235
,119307.1,2,buy,2025-08-12 14:57:11.598
,119307.1,20,buy,2025-08-12 14:57:12.071
,119307.0,2,sell,2025-08-12 14:57:13.495
,119307.0,56,sell,2025-08-12 14:57:17.790
,119307.0,42,sell,2025-08-12 14:57:31.663
,119307.1,2,buy,2025-08-12 14:57:33.632
,119307.1,42,buy,2025-08-12 14:57:34.135
,119307.0,34,sell,2025-08-12 14:57:39.462
,119307.0,110,sell,2025-08-12 14:57:39.462
,119306.8,14,sell,2025-08-12 14:57:39.551
,119304.9,18,sell,2025-08-12 14:57:39.561
,119304.9,46,sell,2025-08-12 14:57:39.692
,119305.0,24,buy,2025-08-12 14:57:45.064
,119305.0,88,buy,2025-08-12 14:57:45.380
,119305.0,112,buy,2025-08-12 14:57:45.380
,119305.0,2,buy,2025-08-12 14:57:49.244
,119319.4,2,sell,2025-08-12 14:57:52.108
,119319.4,4,sell,2025-08-12 14:57:52.114
,119319.4,2,sell,2025-08-12 14:57:52.124
,119319.4,6,sell,2025-08-12 14:57:52.133
,119319.5,58,buy,2025-08-12 14:57:57.859
,119319.5,36,buy,2025-08-12 14:57:57.859
,119319.5,8,buy,2025-08-12 14:57:57.859
,119319.4,12,sell,2025-08-12 14:58:01.450
,119319.4,24,sell,2025-08-12 14:58:01.450
,119319.5,2,buy,2025-08-12 14:58:04.572
,119333.8,2,sell,2025-08-12 14:58:12.293
,119333.8,2,sell,2025-08-12 14:58:12.303
,119333.9,32,buy,2025-08-12 14:58:13.227
,119333.9,26,buy,2025-08-12 14:58:13.354
,119336.7,58,buy,2025-08-12 14:58:14.186
,119336.7,2,buy,2025-08-12 14:58:16.206
,119345.8,2,buy,2025-08-12 14:58:17.335
,119345.8,56,buy,2025-08-12 14:58:17.475
,119346.2,2,buy,2025-08-12 14:58:17.475
,119350.4,60,buy,2025-08-12 14:58:17.480
,119350.7,2,buy,2025-08-12 14:58:17.480
,119351.4,2,buy,2025-08-12 14:58:17.480
,119354.4,4,buy,2025-08-12 14:58:17.480
,119355.0,46,buy,2025-08-12 14:58:17.481
,119355.0,76,buy,2025-08-12 14:58:17.483
,119355.0,68,buy,2025-08-12 14:58:17.627
,119355.2,10,buy,2025-08-12 14:58:17.627
,119357.0,6,buy,2025-08-12 14:58:17.627
,119357.8,38,buy,2025-08-12 14:58:17.627
,119357.8,20,buy,2025-08-12 14:58:17.793
,119358.0,10,buy,2025-08-12 14:58:17.793
,119364.0,60,buy,2025-08-12 14:58:17.793
,119365.5,2,buy,2025-08-12 14:58:17.793
,119369.2,2,buy,2025-08-12 14:58:17.793
,119369.7,56,buy,2025-08-12 14:58:17.793
,119369.7,2,buy,2025-08-12 14:58:18.174
,119369.7,10,buy,2025-08-12 14:58:18.174
,119376.6,26,buy,2025-08-12 14:58:23.837
,119376.6,64,buy,2025-08-12 14:58:23.837
,119376.6,2,buy,2025-08-12 14:58:26.059
,119291.5,6,sell,2025-08-12 14:56:22.361
,119291.5,36,sell,2025-08-12 14:56:27.879
,119291.5,30,sell,2025-08-12 14:56:30.473
,119291.6,82,buy,2025-08-12 14:56:36.843
,119291.5,2,sell,2025-08-12 14:56:39.044
,119291.6,110,buy,2025-08-12 14:56:40.123
,119291.6,8,buy,2025-08-12 14:56:43.783
,119291.6,2,buy,2025-08-12 14:56:46.352
,119291.6,66,buy,2025-08-12 14:56:46.352
,119291.8,10,buy,2025-08-12 14:56:46.850
,119305.0,2,buy,2025-08-12 14:56:47.120
,119307.1,6,buy,2025-08-12 14:56:50.707
,119307.1,52,buy,2025-08-12 14:56:51.243
,119307.1,58,buy,2025-08-12 14:56:51.243
,119307.1,2,buy,2025-08-12 14:56:58.331
,119307.1,142,buy,2025-08-12 14:57:04.513
,119307.1,332,buy,2025-08-12 14:57:04.513
,119307.1,332,buy,2025-08-12 14:57:04.513
,119307.1,110,buy,2025-08-12 14:57:04.513
,119307.1,94,buy,2025-08-12 14:57:04.513
,119307.1,112,buy,2025-08-12 14:57:04.513
,119307.1,266,buy,2025-08-12 14:57:04.513
,119307.1,66,buy,2025-08-12 14:57:04.513
,119307.1,102,buy,2025-08-12 14:57:04.513
,119307.1,18,buy,2025-08-12 14:57:04.513
,119307.1,418,buy,2025-08-12 14:57:04.513
,119307.1,8,buy,2025-08-12 14:57:04.513
,119307.0,2,sell,2025-08-12 14:57:05.010
,119307.1,2,buy,2025-08-12 14:57:06.164
,119307.0,18,sell,2025-08-12 14:57:10.077
,119307.1,2,buy,2025-08-12 14:57:11.235
,119307.1,2,buy,2025-08-12 14:57:11.598
,119307.1,20,buy,2025-08-12 14:57:12.071
,119307.0,2,sell,2025-08-12 14:57:13.495
,119307.0,56,sell,2025-08-12 14:57:17.790
,119307.0,42,sell,2025-08-12 14:57:31.663
,119307.1,2,buy,2025-08-12 14:57:33.632
,119307.1,42,buy,2025-08-12 14:57:34.135
,119307.0,34,sell,2025-08-12 14:57:39.462
,119307.0,110,sell,2025-08-12 14:57:39.462
,119306.8,14,sell,2025-08-12 14:57:39.551
,119304.9,18,sell,2025-08-12 14:57:39.561
,119304.9,46,sell,2025-08-12 14:57:39.692
,119305.0,24,buy,2025-08-12 14:57:45.064
,119305.0,88,buy,2025-08-12 14:57:45.380
,119305.0,112,buy,2025-08-12 14:57:45.380
,119305.0,2,buy,2025-08-12 14:57:49.244
,119319.4,2,sell,2025-08-12 14:57:52.108
,119319.4,4,sell,2025-08-12 14:57:52.114
,119319.4,2,sell,2025-08-12 14:57:52.124
,119319.4,6,sell,2025-08-12 14:57:52.133
,119319.5,58,buy,2025-08-12 14:57:57.859
,119319.5,36,buy,2025-08-12 14:57:57.859
,119319.5,8,buy,2025-08-12 14:57:57.859
,119319.4,12,sell,2025-08-12 14:58:01.450
,119319.4,24,sell,2025-08-12 14:58:01.450
,119319.5,2,buy,2025-08-12 14:58:04.572
,119333.8,2,sell,2025-08-12 14:58:12.293
,119333.8,2,sell,2025-08-12 14:58:12.303
,119333.9,32,buy,2025-08-12 14:58:13.227
,119333.9,26,buy,2025-08-12 14:58:13.354
,119336.7,58,buy,2025-08-12 14:58:14.186
,119336.7,2,buy,2025-08-12 14:58:16.206
,119345.8,2,buy,2025-08-12 14:58:17.335
,119345.8,56,buy,2025-08-12 14:58:17.475
,119346.2,2,buy,2025-08-12 14:58:17.475
,119350.4,60,buy,2025-08-12 14:58:17.480
,119350.7,2,buy,2025-08-12 14:58:17.480
,119351.4,2,buy,2025-08-12 14:58:17.480
,119354.4,4,buy,2025-08-12 14:58:17.480
,119355.0,46,buy,2025-08-12 14:58:17.481
,119355.0,76,buy,2025-08-12 14:58:17.483
,119355.0,68,buy,2025-08-12 14:58:17.627
,119355.2,10,buy,2025-08-12 14:58:17.627
,119357.0,6,buy,2025-08-12 14:58:17.627
,119357.8,38,buy,2025-08-12 14:58:17.627
,119357.8,20,buy,2025-08-12 14:58:17.793
,119358.0,10,buy,2025-08-12 14:58:17.793
,119364.0,60,buy,2025-08-12 14:58:17.793
,119365.5,2,buy,2025-08-12 14:58:17.793
,119369.2,2,buy,2025-08-12 14:58:17.793
,119369.7,56,buy,2025-08-12 14:58:17.793
,119369.7,2,buy,2025-08-12 14:58:18.174
,119369.7,10,buy,2025-08-12 14:58:18.174
,119376.6,26,buy,2025-08-12 14:58:23.837
,119376.6,64,buy,2025-08-12 14:58:23.837
,119376.6,2,buy,2025-08-12 14:58:26.059
,119376.5,100,sell,2025-08-12 14:58:30.455
,119421.2,36,sell,2025-08-12 15:14:57.182
,119421.2,34,sell,2025-08-12 15:14:57.182
,119421.2,16,sell,2025-08-12 15:14:57.182
,119414.4,2,buy,2025-08-12 15:15:02.703
,119414.4,10,buy,2025-08-12 15:15:02.714
,119421.2,36,sell,2025-08-12 15:14:57.182
,119421.2,34,sell,2025-08-12 15:14:57.182
,119421.2,16,sell,2025-08-12 15:14:57.182
,119414.4,2,buy,2025-08-12 15:15:02.703
,119414.4,10,buy,2025-08-12 15:15:02.714
,119414.3,16,sell,2025-08-12 15:15:11.393
,119414.3,150,sell,2025-08-12 15:15:11.393
,119414.3,88,sell,2025-08-12 15:15:11.393
,119414.3,82,sell,2025-08-12 15:15:11.393
,119421.2,36,sell,2025-08-12 15:14:57.182
,119421.2,34,sell,2025-08-12 15:14:57.182
,119421.2,16,sell,2025-08-12 15:14:57.182
,119414.4,2,buy,2025-08-12 15:15:02.703
,119414.4,10,buy,2025-08-12 15:15:02.714
,119414.3,16,sell,2025-08-12 15:15:11.393
,119414.3,150,sell,2025-08-12 15:15:11.393
,119414.3,88,sell,2025-08-12 15:15:11.393
,119414.3,82,sell,2025-08-12 15:15:11.393
,119414.4,18,buy,2025-08-12 15:15:18.115
,119414.3,18,sell,2025-08-12 15:15:19.384
,119414.3,4,sell,2025-08-12 15:15:19.384
,119414.4,34,buy,2025-08-12 15:15:20.770
,119421.3,6,buy,2025-08-12 15:15:21.931
,119428.4,336,buy,2025-08-12 15:15:22.524
,119428.4,140,buy,2025-08-12 15:15:22.524
,119428.4,332,buy,2025-08-12 15:15:22.524
,119428.4,332,buy,2025-08-12 15:15:22.524
,119428.4,796,buy,2025-08-12 15:15:22.524
,119421.2,36,sell,2025-08-12 15:14:57.182
,119421.2,34,sell,2025-08-12 15:14:57.182
,119421.2,16,sell,2025-08-12 15:14:57.182
,119414.4,2,buy,2025-08-12 15:15:02.703
,119414.4,10,buy,2025-08-12 15:15:02.714
,119414.3,16,sell,2025-08-12 15:15:11.393
,119414.3,150,sell,2025-08-12 15:15:11.393
,119414.3,88,sell,2025-08-12 15:15:11.393
,119414.3,82,sell,2025-08-12 15:15:11.393
,119414.4,18,buy,2025-08-12 15:15:18.115
,119414.3,18,sell,2025-08-12 15:15:19.384
,119414.3,4,sell,2025-08-12 15:15:19.384
,119414.4,34,buy,2025-08-12 15:15:20.770
,119421.3,6,buy,2025-08-12 15:15:21.931
,119428.4,336,buy,2025-08-12 15:15:22.524
,119428.4,140,buy,2025-08-12 15:15:22.524
,119428.4,332,buy,2025-08-12 15:15:22.524
,119428.4,332,buy,2025-08-12 15:15:22.524
,119428.4,796,buy,2025-08-12 15:15:22.524
,119428.6,6,buy,2025-08-12 15:15:27.930
,119430.0,38,buy,2025-08-12 15:15:27.959
,119438.0,2,buy,2025-08-12 15:15:30.104
,119438.0,50,buy,2025-08-12 15:15:30.104
,119438.0,8,buy,2025-08-12 15:15:30.165
,119438.0,2,buy,2025-08-12 15:15:30.291
,119438.2,4,buy,2025-08-12 15:15:30.291
,119448.5,2,buy,2025-08-12 15:15:30.809
,119448.5,56,buy,2025-08-12 15:15:30.809
,119448.5,202,buy,2025-08-12 15:15:30.809
,119448.7,4,buy,2025-08-12 15:15:30.811
,119450.0,6,buy,2025-08-12 15:15:30.811
,119450.0,16,buy,2025-08-12 15:15:30.811
,119450.0,6,buy,2025-08-12 15:15:30.811
,119451.2,60,buy,2025-08-12 15:15:30.811
,119453.8,2,buy,2025-08-12 15:15:30.811
,119455.8,2,buy,2025-08-12 15:15:30.811
,119457.0,2,buy,2025-08-12 15:15:30.817
,119458.1,2,buy,2025-08-12 15:15:30.817
,119460.0,22,buy,2025-08-12 15:15:30.817
,119461.6,2,buy,2025-08-12 15:15:30.817
,119461.8,2,buy,2025-08-12 15:15:30.817
,119463.1,46,buy,2025-08-12 15:15:30.817
,119463.1,12,buy,2025-08-12 15:15:31.687
,119463.1,112,buy,2025-08-12 15:15:31.687
,119463.1,204,buy,2025-08-12 15:15:31.687
,119463.1,70,buy,2025-08-12 15:15:31.687
,119463.1,278,buy,2025-08-12 15:15:31.687
,119463.1,110,buy,2025-08-12 15:15:31.687
,119463.1,174,buy,2025-08-12 15:15:31.687
,119463.0,4,sell,2025-08-12 15:15:32.264
,119421.2,36,sell,2025-08-12 15:14:57.182
,119421.2,34,sell,2025-08-12 15:14:57.182
,119421.2,16,sell,2025-08-12 15:14:57.182
,119414.4,2,buy,2025-08-12 15:15:02.703
,119414.4,10,buy,2025-08-12 15:15:02.714
,119414.3,16,sell,2025-08-12 15:15:11.393
,119414.3,150,sell,2025-08-12 15:15:11.393
,119414.3,88,sell,2025-08-12 15:15:11.393
,119414.3,82,sell,2025-08-12 15:15:11.393
,119414.4,18,buy,2025-08-12 15:15:18.115
,119414.3,18,sell,2025-08-12 15:15:19.384
,119414.3,4,sell,2025-08-12 15:15:19.384
,119414.4,34,buy,2025-08-12 15:15:20.770
,119421.3,6,buy,2025-08-12 15:15:21.931
,119428.4,336,buy,2025-08-12 15:15:22.524
,119428.4,140,buy,2025-08-12 15:15:22.524
,119428.4,332,buy,2025-08-12 15:15:22.524
,119428.4,332,buy,2025-08-12 15:15:22.524
,119428.4,796,buy,2025-08-12 15:15:22.524
,119428.6,6,buy,2025-08-12 15:15:27.930
,119430.0,38,buy,2025-08-12 15:15:27.959
,119438.0,2,buy,2025-08-12 15:15:30.104
,119438.0,50,buy,2025-08-12 15:15:30.104
,119438.0,8,buy,2025-08-12 15:15:30.165
,119438.0,2,buy,2025-08-12 15:15:30.291
,119438.2,4,buy,2025-08-12 15:15:30.291
,119448.5,2,buy,2025-08-12 15:15:30.809
,119448.5,56,buy,2025-08-12 15:15:30.809
,119448.5,202,buy,2025-08-12 15:15:30.809
,119448.7,4,buy,2025-08-12 15:15:30.811
,119450.0,6,buy,2025-08-12 15:15:30.811
,119450.0,16,buy,2025-08-12 15:15:30.811
,119450.0,6,buy,2025-08-12 15:15:30.811
,119451.2,60,buy,2025-08-12 15:15:30.811
,119453.8,2,buy,2025-08-12 15:15:30.811
,119455.8,2,buy,2025-08-12 15:15:30.811
,119457.0,2,buy,2025-08-12 15:15:30.817
,119458.1,2,buy,2025-08-12 15:15:30.817
,119460.0,22,buy,2025-08-12 15:15:30.817
,119461.6,2,buy,2025-08-12 15:15:30.817
,119461.8,2,buy,2025-08-12 15:15:30.817
,119463.1,46,buy,2025-08-12 15:15:30.817
,119463.1,12,buy,2025-08-12 15:15:31.687
,119463.1,112,buy,2025-08-12 15:15:31.687
,119463.1,204,buy,2025-08-12 15:15:31.687
,119463.1,70,buy,2025-08-12 15:15:31.687
,119463.1,278,buy,2025-08-12 15:15:31.687
,119463.1,110,buy,2025-08-12 15:15:31.687
,119463.1,174,buy,2025-08-12 15:15:31.687
,119463.0,4,sell,2025-08-12 15:15:32.264
,119463.0,136,sell,2025-08-12 15:15:36.207
,119463.1,28,buy,2025-08-12 15:15:36.885
,119463.1,418,buy,2025-08-12 15:15:36.885
,119463.1,36,buy,2025-08-12 15:15:36.885
,119464.4,4,sell,2025-08-12 15:15:38.303
,119421.2,36,sell,2025-08-12 15:14:57.182
,119421.2,34,sell,2025-08-12 15:14:57.182
,119421.2,16,sell,2025-08-12 15:14:57.182
,119414.4,2,buy,2025-08-12 15:15:02.703
,119414.4,10,buy,2025-08-12 15:15:02.714
,119414.3,16,sell,2025-08-12 15:15:11.393
,119414.3,150,sell,2025-08-12 15:15:11.393
,119414.3,88,sell,2025-08-12 15:15:11.393
,119414.3,82,sell,2025-08-12 15:15:11.393
,119414.4,18,buy,2025-08-12 15:15:18.115
,119414.3,18,sell,2025-08-12 15:15:19.384
,119414.3,4,sell,2025-08-12 15:15:19.384
,119414.4,34,buy,2025-08-12 15:15:20.770
,119421.3,6,buy,2025-08-12 15:15:21.931
,119428.4,336,buy,2025-08-12 15:15:22.524
,119428.4,140,buy,2025-08-12 15:15:22.524
,119428.4,332,buy,2025-08-12 15:15:22.524
,119428.4,332,buy,2025-08-12 15:15:22.524
,119428.4,796,buy,2025-08-12 15:15:22.524
,119428.6,6,buy,2025-08-12 15:15:27.930
,119430.0,38,buy,2025-08-12 15:15:27.959
,119438.0,2,buy,2025-08-12 15:15:30.104
,119438.0,50,buy,2025-08-12 15:15:30.104
,119438.0,8,buy,2025-08-12 15:15:30.165
,119438.0,2,buy,2025-08-12 15:15:30.291
,119438.2,4,buy,2025-08-12 15:15:30.291
,119448.5,2,buy,2025-08-12 15:15:30.809
,119448.5,56,buy,2025-08-12 15:15:30.809
,119448.5,202,buy,2025-08-12 15:15:30.809
,119448.7,4,buy,2025-08-12 15:15:30.811
,119450.0,6,buy,2025-08-12 15:15:30.811
,119450.0,16,buy,2025-08-12 15:15:30.811
,119450.0,6,buy,2025-08-12 15:15:30.811
,119451.2,60,buy,2025-08-12 15:15:30.811
,119453.8,2,buy,2025-08-12 15:15:30.811
,119455.8,2,buy,2025-08-12 15:15:30.811
,119457.0,2,buy,2025-08-12 15:15:30.817
,119458.1,2,buy,2025-08-12 15:15:30.817
,119460.0,22,buy,2025-08-12 15:15:30.817
,119461.6,2,buy,2025-08-12 15:15:30.817
,119461.8,2,buy,2025-08-12 15:15:30.817
,119463.1,46,buy,2025-08-12 15:15:30.817
,119463.1,12,buy,2025-08-12 15:15:31.687
,119463.1,112,buy,2025-08-12 15:15:31.687
,119463.1,204,buy,2025-08-12 15:15:31.687
,119463.1,70,buy,2025-08-12 15:15:31.687
,119463.1,278,buy,2025-08-12 15:15:31.687
,119463.1,110,buy,2025-08-12 15:15:31.687
,119463.1,174,buy,2025-08-12 15:15:31.687
,119463.0,4,sell,2025-08-12 15:15:32.264
,119463.0,136,sell,2025-08-12 15:15:36.207
,119463.1,28,buy,2025-08-12 15:15:36.885
,119463.1,418,buy,2025-08-12 15:15:36.885
,119463.1,36,buy,2025-08-12 15:15:36.885
,119464.4,4,sell,2025-08-12 15:15:38.303
,119464.5,2,buy,2025-08-12 15:15:47.594
,119464.7,2,buy,2025-08-12 15:15:47.601
,119466.7,8,buy,2025-08-12 15:15:47.601
,119468.0,278,buy,2025-08-12 15:15:47.602
,119469.2,2,buy,2025-08-12 15:15:47.602
,119470.0,28,buy,2025-08-12 15:15:47.602
,119472.8,18,buy,2025-08-12 15:15:48.658
,119472.8,36,buy,2025-08-12 15:15:48.658
,119472.8,16,buy,2025-08-12 15:15:48.658
,119473.6,2,buy,2025-08-12 15:15:48.658
,119487.8,2,buy,2025-08-12 15:15:48.815
,119487.8,16,buy,2025-08-12 15:15:48.815
,119487.8,186,buy,2025-08-12 15:15:49.377
,119488.0,2,buy,2025-08-12 15:15:49.377
,119490.5,16,buy,2025-08-12 15:15:49.378
,119490.5,16,buy,2025-08-12 15:15:49.380
,119490.5,16,buy,2025-08-12 15:15:49.381
,119490.5,12,buy,2025-08-12 15:15:49.557
,119490.7,2,buy,2025-08-12 15:15:49.557
,119491.4,2,buy,2025-08-12 15:15:49.557
,119493.4,58,buy,2025-08-12 15:15:49.557
,119495.1,2,buy,2025-08-12 15:15:49.557
,119498.8,2,buy,2025-08-12 15:15:49.557
,119500.0,2,buy,2025-08-12 15:15:49.557
,119500.0,2,buy,2025-08-12 15:15:50.396
,119499.9,2,sell,2025-08-12 15:15:50.410
,119499.9,2,sell,2025-08-12 15:15:50.416
,119499.9,2,sell,2025-08-12 15:15:50.428
,119421.2,36,sell,2025-08-12 15:14:57.182
,119421.2,34,sell,2025-08-12 15:14:57.182
,119421.2,16,sell,2025-08-12 15:14:57.182
,119414.4,2,buy,2025-08-12 15:15:02.703
,119414.4,10,buy,2025-08-12 15:15:02.714
,119414.3,16,sell,2025-08-12 15:15:11.393
,119414.3,150,sell,2025-08-12 15:15:11.393
,119414.3,88,sell,2025-08-12 15:15:11.393
,119414.3,82,sell,2025-08-12 15:15:11.393
,119414.4,18,buy,2025-08-12 15:15:18.115
,119414.3,18,sell,2025-08-12 15:15:19.384
,119414.3,4,sell,2025-08-12 15:15:19.384
,119414.4,34,buy,2025-08-12 15:15:20.770
,119421.3,6,buy,2025-08-12 15:15:21.931
,119428.4,336,buy,2025-08-12 15:15:22.524
,119428.4,140,buy,2025-08-12 15:15:22.524
,119428.4,332,buy,2025-08-12 15:15:22.524
,119428.4,332,buy,2025-08-12 15:15:22.524
,119428.4,796,buy,2025-08-12 15:15:22.524
,119428.6,6,buy,2025-08-12 15:15:27.930
,119430.0,38,buy,2025-08-12 15:15:27.959
,119438.0,2,buy,2025-08-12 15:15:30.104
,119438.0,50,buy,2025-08-12 15:15:30.104
,119438.0,8,buy,2025-08-12 15:15:30.165
,119438.0,2,buy,2025-08-12 15:15:30.291
,119438.2,4,buy,2025-08-12 15:15:30.291
,119448.5,2,buy,2025-08-12 15:15:30.809
,119448.5,56,buy,2025-08-12 15:15:30.809
,119448.5,202,buy,2025-08-12 15:15:30.809
,119448.7,4,buy,2025-08-12 15:15:30.811
,119450.0,6,buy,2025-08-12 15:15:30.811
,119450.0,16,buy,2025-08-12 15:15:30.811
,119450.0,6,buy,2025-08-12 15:15:30.811
,119451.2,60,buy,2025-08-12 15:15:30.811
,119453.8,2,buy,2025-08-12 15:15:30.811
,119455.8,2,buy,2025-08-12 15:15:30.811
,119457.0,2,buy,2025-08-12 15:15:30.817
,119458.1,2,buy,2025-08-12 15:15:30.817
,119460.0,22,buy,2025-08-12 15:15:30.817
,119461.6,2,buy,2025-08-12 15:15:30.817
,119461.8,2,buy,2025-08-12 15:15:30.817
,119463.1,46,buy,2025-08-12 15:15:30.817
,119463.1,12,buy,2025-08-12 15:15:31.687
,119463.1,112,buy,2025-08-12 15:15:31.687
,119463.1,204,buy,2025-08-12 15:15:31.687
,119463.1,70,buy,2025-08-12 15:15:31.687
,119463.1,278,buy,2025-08-12 15:15:31.687
,119463.1,110,buy,2025-08-12 15:15:31.687
,119463.1,174,buy,2025-08-12 15:15:31.687
,119463.0,4,sell,2025-08-12 15:15:32.264
,119463.0,136,sell,2025-08-12 15:15:36.207
,119463.1,28,buy,2025-08-12 15:15:36.885
,119463.1,418,buy,2025-08-12 15:15:36.885
,119463.1,36,buy,2025-08-12 15:15:36.885
,119464.4,4,sell,2025-08-12 15:15:38.303
,119464.5,2,buy,2025-08-12 15:15:47.594
,119464.7,2,buy,2025-08-12 15:15:47.601
,119466.7,8,buy,2025-08-12 15:15:47.601
,119468.0,278,buy,2025-08-12 15:15:47.602
,119469.2,2,buy,2025-08-12 15:15:47.602
,119470.0,28,buy,2025-08-12 15:15:47.602
,119472.8,18,buy,2025-08-12 15:15:48.658
,119472.8,36,buy,2025-08-12 15:15:48.658
,119472.8,16,buy,2025-08-12 15:15:48.658
,119473.6,2,buy,2025-08-12 15:15:48.658
,119487.8,2,buy,2025-08-12 15:15:48.815
,119487.8,16,buy,2025-08-12 15:15:48.815
,119487.8,186,buy,2025-08-12 15:15:49.377
,119488.0,2,buy,2025-08-12 15:15:49.377
,119490.5,16,buy,2025-08-12 15:15:49.378
,119490.5,16,buy,2025-08-12 15:15:49.380
,119490.5,16,buy,2025-08-12 15:15:49.381
,119490.5,12,buy,2025-08-12 15:15:49.557
,119490.7,2,buy,2025-08-12 15:15:49.557
,119491.4,2,buy,2025-08-12 15:15:49.557
,119493.4,58,buy,2025-08-12 15:15:49.557
,119495.1,2,buy,2025-08-12 15:15:49.557
,119498.8,2,buy,2025-08-12 15:15:49.557
,119500.0,2,buy,2025-08-12 15:15:49.557
,119500.0,2,buy,2025-08-12 15:15:50.396
,119499.9,2,sell,2025-08-12 15:15:50.410
,119499.9,2,sell,2025-08-12 15:15:50.416
,119499.9,2,sell,2025-08-12 15:15:50.428
,119500.0,98,buy,2025-08-12 15:15:56.424
,119500.0,230,buy,2025-08-12 15:15:56.424
,119500.0,44,buy,2025-08-12 15:15:56.424
,119500.0,112,buy,2025-08-12 15:15:56.424
,119500.0,66,buy,2025-08-12 15:15:56.424
,119500.0,110,buy,2025-08-12 15:15:56.424
,119500.0,138,buy,2025-08-12 15:15:56.424
,119500.0,40,buy,2025-08-12 15:15:57.498
,119499.9,326,sell,2025-08-12 15:16:00.736
,119499.9,278,sell,2025-08-12 15:16:00.736
,119499.9,278,sell,2025-08-12 15:16:00.736
,119499.9,332,sell,2025-08-12 15:16:00.736
,119499.9,332,sell,2025-08-12 15:16:00.736
,119499.9,332,sell,2025-08-12 15:16:00.736
,119499.9,22,sell,2025-08-12 15:16:00.736
,119499.9,336,sell,2025-08-12 15:16:00.736
,119489.6,58,sell,2025-08-12 15:16:01.234
,119489.6,112,sell,2025-08-12 15:16:01.234
,119488.1,36,sell,2025-08-12 15:16:03.668
,119488.1,36,sell,2025-08-12 15:16:03.668
,119488.1,38,sell,2025-08-12 15:16:03.668
,119488.1,34,sell,2025-08-12 15:16:03.668
,119488.1,20,sell,2025-08-12 15:16:03.668
,119488.1,34,sell,2025-08-12 15:16:03.668
,119488.1,2,sell,2025-08-12 15:16:03.668
,119421.2,36,sell,2025-08-12 15:14:57.182
,119421.2,34,sell,2025-08-12 15:14:57.182
,119421.2,16,sell,2025-08-12 15:14:57.182
,119414.4,2,buy,2025-08-12 15:15:02.703
,119414.4,10,buy,2025-08-12 15:15:02.714
,119414.3,16,sell,2025-08-12 15:15:11.393
,119414.3,150,sell,2025-08-12 15:15:11.393
,119414.3,88,sell,2025-08-12 15:15:11.393
,119414.3,82,sell,2025-08-12 15:15:11.393
,119414.4,18,buy,2025-08-12 15:15:18.115
,119414.3,18,sell,2025-08-12 15:15:19.384
,119414.3,4,sell,2025-08-12 15:15:19.384
,119414.4,34,buy,2025-08-12 15:15:20.770
,119421.3,6,buy,2025-08-12 15:15:21.931
,119428.4,336,buy,2025-08-12 15:15:22.524
,119428.4,140,buy,2025-08-12 15:15:22.524
,119428.4,332,buy,2025-08-12 15:15:22.524
,119428.4,332,buy,2025-08-12 15:15:22.524
,119428.4,796,buy,2025-08-12 15:15:22.524
,119428.6,6,buy,2025-08-12 15:15:27.930
,119430.0,38,buy,2025-08-12 15:15:27.959
,119438.0,2,buy,2025-08-12 15:15:30.104
,119438.0,50,buy,2025-08-12 15:15:30.104
,119438.0,8,buy,2025-08-12 15:15:30.165
,119438.0,2,buy,2025-08-12 15:15:30.291
,119438.2,4,buy,2025-08-12 15:15:30.291
,119448.5,2,buy,2025-08-12 15:15:30.809
,119448.5,56,buy,2025-08-12 15:15:30.809
,119448.5,202,buy,2025-08-12 15:15:30.809
,119448.7,4,buy,2025-08-12 15:15:30.811
,119450.0,6,buy,2025-08-12 15:15:30.811
,119450.0,16,buy,2025-08-12 15:15:30.811
,119450.0,6,buy,2025-08-12 15:15:30.811
,119451.2,60,buy,2025-08-12 15:15:30.811
,119453.8,2,buy,2025-08-12 15:15:30.811
,119455.8,2,buy,2025-08-12 15:15:30.811
,119457.0,2,buy,2025-08-12 15:15:30.817
,119458.1,2,buy,2025-08-12 15:15:30.817
,119460.0,22,buy,2025-08-12 15:15:30.817
,119461.6,2,buy,2025-08-12 15:15:30.817
,119461.8,2,buy,2025-08-12 15:15:30.817
,119463.1,46,buy,2025-08-12 15:15:30.817
,119463.1,12,buy,2025-08-12 15:15:31.687
,119463.1,112,buy,2025-08-12 15:15:31.687
,119463.1,204,buy,2025-08-12 15:15:31.687
,119463.1,70,buy,2025-08-12 15:15:31.687
,119463.1,278,buy,2025-08-12 15:15:31.687
,119463.1,110,buy,2025-08-12 15:15:31.687
,119463.1,174,buy,2025-08-12 15:15:31.687
,119463.0,4,sell,2025-08-12 15:15:32.264
,119463.0,136,sell,2025-08-12 15:15:36.207
,119463.1,28,buy,2025-08-12 15:15:36.885
,119463.1,418,buy,2025-08-12 15:15:36.885
,119463.1,36,buy,2025-08-12 15:15:36.885
,119464.4,4,sell,2025-08-12 15:15:38.303
,119464.5,2,buy,2025-08-12 15:15:47.594
,119464.7,2,buy,2025-08-12 15:15:47.601
,119466.7,8,buy,2025-08-12 15:15:47.601
,119468.0,278,buy,2025-08-12 15:15:47.602
,119469.2,2,buy,2025-08-12 15:15:47.602
,119470.0,28,buy,2025-08-12 15:15:47.602
,119472.8,18,buy,2025-08-12 15:15:48.658
,119472.8,36,buy,2025-08-12 15:15:48.658
,119472.8,16,buy,2025-08-12 15:15:48.658
,119473.6,2,buy,2025-08-12 15:15:48.658
,119487.8,2,buy,2025-08-12 15:15:48.815
,119487.8,16,buy,2025-08-12 15:15:48.815
,119487.8,186,buy,2025-08-12 15:15:49.377
,119488.0,2,buy,2025-08-12 15:15:49.377
,119490.5,16,buy,2025-08-12 15:15:49.378
,119490.5,16,buy,2025-08-12 15:15:49.380
,119490.5,16,buy,2025-08-12 15:15:49.381
,119490.5,12,buy,2025-08-12 15:15:49.557
,119490.7,2,buy,2025-08-12 15:15:49.557
,119491.4,2,buy,2025-08-12 15:15:49.557
,119493.4,58,buy,2025-08-12 15:15:49.557
,119495.1,2,buy,2025-08-12 15:15:49.557
,119498.8,2,buy,2025-08-12 15:15:49.557
,119500.0,2,buy,2025-08-12 15:15:49.557
,119500.0,2,buy,2025-08-12 15:15:50.396
,119499.9,2,sell,2025-08-12 15:15:50.410
,119499.9,2,sell,2025-08-12 15:15:50.416
,119499.9,2,sell,2025-08-12 15:15:50.428
,119500.0,98,buy,2025-08-12 15:15:56.424
,119500.0,230,buy,2025-08-12 15:15:56.424
,119500.0,44,buy,2025-08-12 15:15:56.424
,119500.0,112,buy,2025-08-12 15:15:56.424
,119500.0,66,buy,2025-08-12 15:15:56.424
,119500.0,110,buy,2025-08-12 15:15:56.424
,119500.0,138,buy,2025-08-12 15:15:56.424
,119500.0,40,buy,2025-08-12 15:15:57.498
,119499.9,326,sell,2025-08-12 15:16:00.736
,119499.9,278,sell,2025-08-12 15:16:00.736
,119499.9,278,sell,2025-08-12 15:16:00.736
,119499.9,332,sell,2025-08-12 15:16:00.736
,119499.9,332,sell,2025-08-12 15:16:00.736
,119499.9,332,sell,2025-08-12 15:16:00.736
,119499.9,22,sell,2025-08-12 15:16:00.736
,119499.9,336,sell,2025-08-12 15:16:00.736
,119489.6,58,sell,2025-08-12 15:16:01.234
,119489.6,112,sell,2025-08-12 15:16:01.234
,119488.1,36,sell,2025-08-12 15:16:03.668
,119488.1,36,sell,2025-08-12 15:16:03.668
,119488.1,38,sell,2025-08-12 15:16:03.668
,119488.1,34,sell,2025-08-12 15:16:03.668
,119488.1,20,sell,2025-08-12 15:16:03.668
,119488.1,34,sell,2025-08-12 15:16:03.668
,119488.1,2,sell,2025-08-12 15:16:03.668
,119477.1,110,sell,2025-08-12 15:16:09.125
,119477.1,200,sell,2025-08-12 15:16:09.125
,119477.1,200,sell,2025-08-12 15:16:09.125
,119477.1,200,sell,2025-08-12 15:16:09.125
,119476.9,60,sell,2025-08-12 15:16:09.234
,119466.2,58,sell,2025-08-12 15:16:10.177
,119466.2,26,sell,2025-08-12 15:16:10.177
,119466.2,140,sell,2025-08-12 15:16:10.177
,119466.2,110,sell,2025-08-12 15:16:10.177
,119466.2,10,sell,2025-08-12 15:16:10.177
,119466.2,10,sell,2025-08-12 15:16:10.177
,119466.2,200,sell,2025-08-12 15:16:10.177
,119466.2,200,sell,2025-08-12 15:16:10.177
,119466.2,200,sell,2025-08-12 15:16:10.177
,119466.2,202,sell,2025-08-12 15:16:10.177
,119463.3,2,sell,2025-08-12 15:16:10.177
,119459.8,60,sell,2025-08-12 15:16:10.177
,119459.4,1136,sell,2025-08-12 15:16:10.177
,119458.2,2,sell,2025-08-12 15:16:10.177
,119457.9,236,sell,2025-08-12 15:16:10.177
,119457.9,100,sell,2025-08-12 15:16:13.124
,119458.0,8,buy,2025-08-12 15:16:14.581
,119421.2,36,sell,2025-08-12 15:14:57.182
,119421.2,34,sell,2025-08-12 15:14:57.182
,119421.2,16,sell,2025-08-12 15:14:57.182
,119414.4,2,buy,2025-08-12 15:15:02.703
,119414.4,10,buy,2025-08-12 15:15:02.714
,119414.3,16,sell,2025-08-12 15:15:11.393
,119414.3,150,sell,2025-08-12 15:15:11.393
,119414.3,88,sell,2025-08-12 15:15:11.393
,119414.3,82,sell,2025-08-12 15:15:11.393
,119414.4,18,buy,2025-08-12 15:15:18.115
,119414.3,18,sell,2025-08-12 15:15:19.384
,119414.3,4,sell,2025-08-12 15:15:19.384
,119414.4,34,buy,2025-08-12 15:15:20.770
,119421.3,6,buy,2025-08-12 15:15:21.931
,119428.4,336,buy,2025-08-12 15:15:22.524
,119428.4,140,buy,2025-08-12 15:15:22.524
,119428.4,332,buy,2025-08-12 15:15:22.524
,119428.4,332,buy,2025-08-12 15:15:22.524
,119428.4,796,buy,2025-08-12 15:15:22.524
,119428.6,6,buy,2025-08-12 15:15:27.930
,119430.0,38,buy,2025-08-12 15:15:27.959
,119438.0,2,buy,2025-08-12 15:15:30.104
,119438.0,50,buy,2025-08-12 15:15:30.104
,119438.0,8,buy,2025-08-12 15:15:30.165
,119438.0,2,buy,2025-08-12 15:15:30.291
,119438.2,4,buy,2025-08-12 15:15:30.291
,119448.5,2,buy,2025-08-12 15:15:30.809
,119448.5,56,buy,2025-08-12 15:15:30.809
,119448.5,202,buy,2025-08-12 15:15:30.809
,119448.7,4,buy,2025-08-12 15:15:30.811
,119450.0,6,buy,2025-08-12 15:15:30.811
,119450.0,16,buy,2025-08-12 15:15:30.811
,119450.0,6,buy,2025-08-12 15:15:30.811
,119451.2,60,buy,2025-08-12 15:15:30.811
,119453.8,2,buy,2025-08-12 15:15:30.811
,119455.8,2,buy,2025-08-12 15:15:30.811
,119457.0,2,buy,2025-08-12 15:15:30.817
,119458.1,2,buy,2025-08-12 15:15:30.817
,119460.0,22,buy,2025-08-12 15:15:30.817
,119461.6,2,buy,2025-08-12 15:15:30.817
,119461.8,2,buy,2025-08-12 15:15:30.817
,119463.1,46,buy,2025-08-12 15:15:30.817
,119463.1,12,buy,2025-08-12 15:15:31.687
,119463.1,112,buy,2025-08-12 15:15:31.687
,119463.1,204,buy,2025-08-12 15:15:31.687
,119463.1,70,buy,2025-08-12 15:15:31.687
,119463.1,278,buy,2025-08-12 15:15:31.687
,119463.1,110,buy,2025-08-12 15:15:31.687
,119463.1,174,buy,2025-08-12 15:15:31.687
,119463.0,4,sell,2025-08-12 15:15:32.264
,119463.0,136,sell,2025-08-12 15:15:36.207
,119463.1,28,buy,2025-08-12 15:15:36.885
,119463.1,418,buy,2025-08-12 15:15:36.885
,119463.1,36,buy,2025-08-12 15:15:36.885
,119464.4,4,sell,2025-08-12 15:15:38.303
,119464.5,2,buy,2025-08-12 15:15:47.594
,119464.7,2,buy,2025-08-12 15:15:47.601
,119466.7,8,buy,2025-08-12 15:15:47.601
,119468.0,278,buy,2025-08-12 15:15:47.602
,119469.2,2,buy,2025-08-12 15:15:47.602
,119470.0,28,buy,2025-08-12 15:15:47.602
,119472.8,18,buy,2025-08-12 15:15:48.658
,119472.8,36,buy,2025-08-12 15:15:48.658
,119472.8,16,buy,2025-08-12 15:15:48.658
,119473.6,2,buy,2025-08-12 15:15:48.658
,119487.8,2,buy,2025-08-12 15:15:48.815
,119487.8,16,buy,2025-08-12 15:15:48.815
,119487.8,186,buy,2025-08-12 15:15:49.377
,119488.0,2,buy,2025-08-12 15:15:49.377
,119490.5,16,buy,2025-08-12 15:15:49.378
,119490.5,16,buy,2025-08-12 15:15:49.380
,119490.5,16,buy,2025-08-12 15:15:49.381
,119490.5,12,buy,2025-08-12 15:15:49.557
,119490.7,2,buy,2025-08-12 15:15:49.557
,119491.4,2,buy,2025-08-12 15:15:49.557
,119493.4,58,buy,2025-08-12 15:15:49.557
,119495.1,2,buy,2025-08-12 15:15:49.557
,119498.8,2,buy,2025-08-12 15:15:49.557
,119500.0,2,buy,2025-08-12 15:15:49.557
,119500.0,2,buy,2025-08-12 15:15:50.396
,119499.9,2,sell,2025-08-12 15:15:50.410
,119499.9,2,sell,2025-08-12 15:15:50.416
,119499.9,2,sell,2025-08-12 15:15:50.428
,119500.0,98,buy,2025-08-12 15:15:56.424
,119500.0,230,buy,2025-08-12 15:15:56.424
,119500.0,44,buy,2025-08-12 15:15:56.424
,119500.0,112,buy,2025-08-12 15:15:56.424
,119500.0,66,buy,2025-08-12 15:15:56.424
,119500.0,110,buy,2025-08-12 15:15:56.424
,119500.0,138,buy,2025-08-12 15:15:56.424
,119500.0,40,buy,2025-08-12 15:15:57.498
,119499.9,326,sell,2025-08-12 15:16:00.736
,119499.9,278,sell,2025-08-12 15:16:00.736
,119499.9,278,sell,2025-08-12 15:16:00.736
,119499.9,332,sell,2025-08-12 15:16:00.736
,119499.9,332,sell,2025-08-12 15:16:00.736
,119499.9,332,sell,2025-08-12 15:16:00.736
,119499.9,22,sell,2025-08-12 15:16:00.736
,119499.9,336,sell,2025-08-12 15:16:00.736
,119489.6,58,sell,2025-08-12 15:16:01.234
,119489.6,112,sell,2025-08-12 15:16:01.234
,119488.1,36,sell,2025-08-12 15:16:03.668
,119488.1,36,sell,2025-08-12 15:16:03.668
,119488.1,38,sell,2025-08-12 15:16:03.668
,119488.1,34,sell,2025-08-12 15:16:03.668
,119488.1,20,sell,2025-08-12 15:16:03.668
,119488.1,34,sell,2025-08-12 15:16:03.668
,119488.1,2,sell,2025-08-12 15:16:03.668
,119477.1,110,sell,2025-08-12 15:16:09.125
,119477.1,200,sell,2025-08-12 15:16:09.125
,119477.1,200,sell,2025-08-12 15:16:09.125
,119477.1,200,sell,2025-08-12 15:16:09.125
,119476.9,60,sell,2025-08-12 15:16:09.234
,119466.2,58,sell,2025-08-12 15:16:10.177
,119466.2,26,sell,2025-08-12 15:16:10.177
,119466.2,140,sell,2025-08-12 15:16:10.177
,119466.2,110,sell,2025-08-12 15:16:10.177
,119466.2,10,sell,2025-08-12 15:16:10.177
,119466.2,10,sell,2025-08-12 15:16:10.177
,119466.2,200,sell,2025-08-12 15:16:10.177
,119466.2,200,sell,2025-08-12 15:16:10.177
,119466.2,200,sell,2025-08-12 15:16:10.177
,119466.2,202,sell,2025-08-12 15:16:10.177
,119463.3,2,sell,2025-08-12 15:16:10.177
,119459.8,60,sell,2025-08-12 15:16:10.177
,119459.4,1136,sell,2025-08-12 15:16:10.177
,119458.2,2,sell,2025-08-12 15:16:10.177
,119457.9,236,sell,2025-08-12 15:16:10.177
,119457.9,100,sell,2025-08-12 15:16:13.124
,119458.0,8,buy,2025-08-12 15:16:14.581
,119458.0,12,buy,2025-08-12 15:16:18.934
,119457.9,10,sell,2025-08-12 15:16:23.698
,119457.9,10,sell,2025-08-12 15:16:23.698
,119457.9,36,sell,2025-08-12 15:16:23.698
,119457.9,34,sell,2025-08-12 15:16:23.698
,119457.9,32,sell,2025-08-12 15:16:23.698
,119457.9,72,sell,2025-08-12 15:16:23.698
,119421.2,36,sell,2025-08-12 15:14:57.182
,119421.2,34,sell,2025-08-12 15:14:57.182
,119421.2,16,sell,2025-08-12 15:14:57.182
,119414.4,2,buy,2025-08-12 15:15:02.703
,119414.4,10,buy,2025-08-12 15:15:02.714
,119414.3,16,sell,2025-08-12 15:15:11.393
,119414.3,150,sell,2025-08-12 15:15:11.393
,119414.3,88,sell,2025-08-12 15:15:11.393
,119414.3,82,sell,2025-08-12 15:15:11.393
,119414.4,18,buy,2025-08-12 15:15:18.115
,119414.3,18,sell,2025-08-12 15:15:19.384
,119414.3,4,sell,2025-08-12 15:15:19.384
,119414.4,34,buy,2025-08-12 15:15:20.770
,119421.3,6,buy,2025-08-12 15:15:21.931
,119428.4,336,buy,2025-08-12 15:15:22.524
,119428.4,140,buy,2025-08-12 15:15:22.524
,119428.4,332,buy,2025-08-12 15:15:22.524
,119428.4,332,buy,2025-08-12 15:15:22.524
,119428.4,796,buy,2025-08-12 15:15:22.524
,119428.6,6,buy,2025-08-12 15:15:27.930
,119430.0,38,buy,2025-08-12 15:15:27.959
,119438.0,2,buy,2025-08-12 15:15:30.104
,119438.0,50,buy,2025-08-12 15:15:30.104
,119438.0,8,buy,2025-08-12 15:15:30.165
,119438.0,2,buy,2025-08-12 15:15:30.291
,119438.2,4,buy,2025-08-12 15:15:30.291
,119448.5,2,buy,2025-08-12 15:15:30.809
,119448.5,56,buy,2025-08-12 15:15:30.809
,119448.5,202,buy,2025-08-12 15:15:30.809
,119448.7,4,buy,2025-08-12 15:15:30.811
,119450.0,6,buy,2025-08-12 15:15:30.811
,119450.0,16,buy,2025-08-12 15:15:30.811
,119450.0,6,buy,2025-08-12 15:15:30.811
,119451.2,60,buy,2025-08-12 15:15:30.811
,119453.8,2,buy,2025-08-12 15:15:30.811
,119455.8,2,buy,2025-08-12 15:15:30.811
,119457.0,2,buy,2025-08-12 15:15:30.817
,119458.1,2,buy,2025-08-12 15:15:30.817
,119460.0,22,buy,2025-08-12 15:15:30.817
,119461.6,2,buy,2025-08-12 15:15:30.817
,119461.8,2,buy,2025-08-12 15:15:30.817
,119463.1,46,buy,2025-08-12 15:15:30.817
,119463.1,12,buy,2025-08-12 15:15:31.687
,119463.1,112,buy,2025-08-12 15:15:31.687
,119463.1,204,buy,2025-08-12 15:15:31.687
,119463.1,70,buy,2025-08-12 15:15:31.687
,119463.1,278,buy,2025-08-12 15:15:31.687
,119463.1,110,buy,2025-08-12 15:15:31.687
,119463.1,174,buy,2025-08-12 15:15:31.687
,119463.0,4,sell,2025-08-12 15:15:32.264
,119463.0,136,sell,2025-08-12 15:15:36.207
,119463.1,28,buy,2025-08-12 15:15:36.885
,119463.1,418,buy,2025-08-12 15:15:36.885
,119463.1,36,buy,2025-08-12 15:15:36.885
,119464.4,4,sell,2025-08-12 15:15:38.303
,119464.5,2,buy,2025-08-12 15:15:47.594
,119464.7,2,buy,2025-08-12 15:15:47.601
,119466.7,8,buy,2025-08-12 15:15:47.601
,119468.0,278,buy,2025-08-12 15:15:47.602
,119469.2,2,buy,2025-08-12 15:15:47.602
,119470.0,28,buy,2025-08-12 15:15:47.602
,119472.8,18,buy,2025-08-12 15:15:48.658
,119472.8,36,buy,2025-08-12 15:15:48.658
,119472.8,16,buy,2025-08-12 15:15:48.658
,119473.6,2,buy,2025-08-12 15:15:48.658
,119487.8,2,buy,2025-08-12 15:15:48.815
,119487.8,16,buy,2025-08-12 15:15:48.815
,119487.8,186,buy,2025-08-12 15:15:49.377
,119488.0,2,buy,2025-08-12 15:15:49.377
,119490.5,16,buy,2025-08-12 15:15:49.378
,119490.5,16,buy,2025-08-12 15:15:49.380
,119490.5,16,buy,2025-08-12 15:15:49.381
,119490.5,12,buy,2025-08-12 15:15:49.557
,119490.7,2,buy,2025-08-12 15:15:49.557
,119491.4,2,buy,2025-08-12 15:15:49.557
,119493.4,58,buy,2025-08-12 15:15:49.557
,119495.1,2,buy,2025-08-12 15:15:49.557
,119498.8,2,buy,2025-08-12 15:15:49.557
,119500.0,2,buy,2025-08-12 15:15:49.557
,119500.0,2,buy,2025-08-12 15:15:50.396
,119499.9,2,sell,2025-08-12 15:15:50.410
,119499.9,2,sell,2025-08-12 15:15:50.416
,119499.9,2,sell,2025-08-12 15:15:50.428
,119500.0,98,buy,2025-08-12 15:15:56.424
,119500.0,230,buy,2025-08-12 15:15:56.424
,119500.0,44,buy,2025-08-12 15:15:56.424
,119500.0,112,buy,2025-08-12 15:15:56.424
,119500.0,66,buy,2025-08-12 15:15:56.424
,119500.0,110,buy,2025-08-12 15:15:56.424
,119500.0,138,buy,2025-08-12 15:15:56.424
,119500.0,40,buy,2025-08-12 15:15:57.498
,119499.9,326,sell,2025-08-12 15:16:00.736
,119499.9,278,sell,2025-08-12 15:16:00.736
,119499.9,278,sell,2025-08-12 15:16:00.736
,119499.9,332,sell,2025-08-12 15:16:00.736
,119499.9,332,sell,2025-08-12 15:16:00.736
,119499.9,332,sell,2025-08-12 15:16:00.736
,119499.9,22,sell,2025-08-12 15:16:00.736
,119499.9,336,sell,2025-08-12 15:16:00.736
,119489.6,58,sell,2025-08-12 15:16:01.234
,119489.6,112,sell,2025-08-12 15:16:01.234
,119488.1,36,sell,2025-08-12 15:16:03.668
,119488.1,36,sell,2025-08-12 15:16:03.668
,119488.1,38,sell,2025-08-12 15:16:03.668
,119488.1,34,sell,2025-08-12 15:16:03.668
,119488.1,20,sell,2025-08-12 15:16:03.668
,119488.1,34,sell,2025-08-12 15:16:03.668
,119488.1,2,sell,2025-08-12 15:16:03.668
,119477.1,110,sell,2025-08-12 15:16:09.125
,119477.1,200,sell,2025-08-12 15:16:09.125
,119477.1,200,sell,2025-08-12 15:16:09.125
,119477.1,200,sell,2025-08-12 15:16:09.125
,119476.9,60,sell,2025-08-12 15:16:09.234
,119466.2,58,sell,2025-08-12 15:16:10.177
,119466.2,26,sell,2025-08-12 15:16:10.177
,119466.2,140,sell,2025-08-12 15:16:10.177
,119466.2,110,sell,2025-08-12 15:16:10.177
,119466.2,10,sell,2025-08-12 15:16:10.177
,119466.2,10,sell,2025-08-12 15:16:10.177
,119466.2,200,sell,2025-08-12 15:16:10.177
,119466.2,200,sell,2025-08-12 15:16:10.177
,119466.2,200,sell,2025-08-12 15:16:10.177
,119466.2,202,sell,2025-08-12 15:16:10.177
,119463.3,2,sell,2025-08-12 15:16:10.177
,119459.8,60,sell,2025-08-12 15:16:10.177
,119459.4,1136,sell,2025-08-12 15:16:10.177
,119458.2,2,sell,2025-08-12 15:16:10.177
,119457.9,236,sell,2025-08-12 15:16:10.177
,119457.9,100,sell,2025-08-12 15:16:13.124
,119458.0,8,buy,2025-08-12 15:16:14.581
,119458.0,12,buy,2025-08-12 15:16:18.934
,119457.9,10,sell,2025-08-12 15:16:23.698
,119457.9,10,sell,2025-08-12 15:16:23.698
,119457.9,36,sell,2025-08-12 15:16:23.698
,119457.9,34,sell,2025-08-12 15:16:23.698
,119457.9,32,sell,2025-08-12 15:16:23.698
,119457.9,72,sell,2025-08-12 15:16:23.698
,119457.9,10,sell,2025-08-12 15:16:27.437
,119457.9,10,sell,2025-08-12 15:16:27.437
,119457.7,22,sell,2025-08-12 15:16:27.437
,119455.8,2,sell,2025-08-12 15:16:27.450
,119454.5,2,sell,2025-08-12 15:16:27.450
,119450.8,2,sell,2025-08-12 15:16:27.450
,119447.7,38,sell,2025-08-12 15:16:27.450
,119447.7,2,sell,2025-08-12 15:16:27.574
,119447.7,20,sell,2025-08-12 15:16:27.595
,119447.7,26,sell,2025-08-12 15:16:27.595
,119447.5,18,sell,2025-08-12 15:16:27.595
,119447.1,2,sell,2025-08-12 15:16:27.595
,119446.5,38,sell,2025-08-12 15:16:27.595
,119446.5,8,sell,2025-08-12 15:16:27.737
,119446.5,202,sell,2025-08-12 15:16:27.847
,119446.5,68,sell,2025-08-12 15:16:27.847
,119446.5,70,sell,2025-08-12 15:16:27.847
,119444.7,2,buy,2025-08-12 15:16:28.743
,119438.0,2,sell,2025-08-12 15:16:33.987
,119437.8,2,sell,2025-08-12 15:16:35.068
,119421.2,36,sell,2025-08-12 15:14:57.182
,119421.2,34,sell,2025-08-12 15:14:57.182
,119421.2,16,sell,2025-08-12 15:14:57.182
,119414.4,2,buy,2025-08-12 15:15:02.703
,119414.4,10,buy,2025-08-12 15:15:02.714
,119414.3,16,sell,2025-08-12 15:15:11.393
,119414.3,150,sell,2025-08-12 15:15:11.393
,119414.3,88,sell,2025-08-12 15:15:11.393
,119414.3,82,sell,2025-08-12 15:15:11.393
,119414.4,18,buy,2025-08-12 15:15:18.115
,119414.3,18,sell,2025-08-12 15:15:19.384
,119414.3,4,sell,2025-08-12 15:15:19.384
,119414.4,34,buy,2025-08-12 15:15:20.770
,119421.3,6,buy,2025-08-12 15:15:21.931
,119428.4,336,buy,2025-08-12 15:15:22.524
,119428.4,140,buy,2025-08-12 15:15:22.524
,119428.4,332,buy,2025-08-12 15:15:22.524
,119428.4,332,buy,2025-08-12 15:15:22.524
,119428.4,796,buy,2025-08-12 15:15:22.524
,119428.6,6,buy,2025-08-12 15:15:27.930
,119430.0,38,buy,2025-08-12 15:15:27.959
,119438.0,2,buy,2025-08-12 15:15:30.104
,119438.0,50,buy,2025-08-12 15:15:30.104
,119438.0,8,buy,2025-08-12 15:15:30.165
,119438.0,2,buy,2025-08-12 15:15:30.291
,119438.2,4,buy,2025-08-12 15:15:30.291
,119448.5,2,buy,2025-08-12 15:15:30.809
,119448.5,56,buy,2025-08-12 15:15:30.809
,119448.5,202,buy,2025-08-12 15:15:30.809
,119448.7,4,buy,2025-08-12 15:15:30.811
,119450.0,6,buy,2025-08-12 15:15:30.811
,119450.0,16,buy,2025-08-12 15:15:30.811
,119450.0,6,buy,2025-08-12 15:15:30.811
,119451.2,60,buy,2025-08-12 15:15:30.811
,119453.8,2,buy,2025-08-12 15:15:30.811
,119455.8,2,buy,2025-08-12 15:15:30.811
,119457.0,2,buy,2025-08-12 15:15:30.817
,119458.1,2,buy,2025-08-12 15:15:30.817
,119460.0,22,buy,2025-08-12 15:15:30.817
,119461.6,2,buy,2025-08-12 15:15:30.817
,119461.8,2,buy,2025-08-12 15:15:30.817
,119463.1,46,buy,2025-08-12 15:15:30.817
,119463.1,12,buy,2025-08-12 15:15:31.687
,119463.1,112,buy,2025-08-12 15:15:31.687
,119463.1,204,buy,2025-08-12 15:15:31.687
,119463.1,70,buy,2025-08-12 15:15:31.687
,119463.1,278,buy,2025-08-12 15:15:31.687
,119463.1,110,buy,2025-08-12 15:15:31.687
,119463.1,174,buy,2025-08-12 15:15:31.687
,119463.0,4,sell,2025-08-12 15:15:32.264
,119463.0,136,sell,2025-08-12 15:15:36.207
,119463.1,28,buy,2025-08-12 15:15:36.885
,119463.1,418,buy,2025-08-12 15:15:36.885
,119463.1,36,buy,2025-08-12 15:15:36.885
,119464.4,4,sell,2025-08-12 15:15:38.303
,119464.5,2,buy,2025-08-12 15:15:47.594
,119464.7,2,buy,2025-08-12 15:15:47.601
,119466.7,8,buy,2025-08-12 15:15:47.601
,119468.0,278,buy,2025-08-12 15:15:47.602
,119469.2,2,buy,2025-08-12 15:15:47.602
,119470.0,28,buy,2025-08-12 15:15:47.602
,119472.8,18,buy,2025-08-12 15:15:48.658
,119472.8,36,buy,2025-08-12 15:15:48.658
,119472.8,16,buy,2025-08-12 15:15:48.658
,119473.6,2,buy,2025-08-12 15:15:48.658
,119487.8,2,buy,2025-08-12 15:15:48.815
,119487.8,16,buy,2025-08-12 15:15:48.815
,119487.8,186,buy,2025-08-12 15:15:49.377
,119488.0,2,buy,2025-08-12 15:15:49.377
,119490.5,16,buy,2025-08-12 15:15:49.378
,119490.5,16,buy,2025-08-12 15:15:49.380
,119490.5,16,buy,2025-08-12 15:15:49.381
,119490.5,12,buy,2025-08-12 15:15:49.557
,119490.7,2,buy,2025-08-12 15:15:49.557
,119491.4,2,buy,2025-08-12 15:15:49.557
,119493.4,58,buy,2025-08-12 15:15:49.557
,119495.1,2,buy,2025-08-12 15:15:49.557
,119498.8,2,buy,2025-08-12 15:15:49.557
,119500.0,2,buy,2025-08-12 15:15:49.557
,119500.0,2,buy,2025-08-12 15:15:50.396
,119499.9,2,sell,2025-08-12 15:15:50.410
,119499.9,2,sell,2025-08-12 15:15:50.416
,119499.9,2,sell,2025-08-12 15:15:50.428
,119500.0,98,buy,2025-08-12 15:15:56.424
,119500.0,230,buy,2025-08-12 15:15:56.424
,119500.0,44,buy,2025-08-12 15:15:56.424
,119500.0,112,buy,2025-08-12 15:15:56.424
,119500.0,66,buy,2025-08-12 15:15:56.424
,119500.0,110,buy,2025-08-12 15:15:56.424
,119500.0,138,buy,2025-08-12 15:15:56.424
,119500.0,40,buy,2025-08-12 15:15:57.498
,119499.9,326,sell,2025-08-12 15:16:00.736
,119499.9,278,sell,2025-08-12 15:16:00.736
,119499.9,278,sell,2025-08-12 15:16:00.736
,119499.9,332,sell,2025-08-12 15:16:00.736
,119499.9,332,sell,2025-08-12 15:16:00.736
,119499.9,332,sell,2025-08-12 15:16:00.736
,119499.9,22,sell,2025-08-12 15:16:00.736
,119499.9,336,sell,2025-08-12 15:16:00.736
,119489.6,58,sell,2025-08-12 15:16:01.234
,119489.6,112,sell,2025-08-12 15:16:01.234
,119488.1,36,sell,2025-08-12 15:16:03.668
,119488.1,36,sell,2025-08-12 15:16:03.668
,119488.1,38,sell,2025-08-12 15:16:03.668
,119488.1,34,sell,2025-08-12 15:16:03.668
,119488.1,20,sell,2025-08-12 15:16:03.668
,119488.1,34,sell,2025-08-12 15:16:03.668
,119488.1,2,sell,2025-08-12 15:16:03.668
,119477.1,110,sell,2025-08-12 15:16:09.125
,119477.1,200,sell,2025-08-12 15:16:09.125
,119477.1,200,sell,2025-08-12 15:16:09.125
,119477.1,200,sell,2025-08-12 15:16:09.125
,119476.9,60,sell,2025-08-12 15:16:09.234
,119466.2,58,sell,2025-08-12 15:16:10.177
,119466.2,26,sell,2025-08-12 15:16:10.177
,119466.2,140,sell,2025-08-12 15:16:10.177
,119466.2,110,sell,2025-08-12 15:16:10.177
,119466.2,10,sell,2025-08-12 15:16:10.177
,119466.2,10,sell,2025-08-12 15:16:10.177
,119466.2,200,sell,2025-08-12 15:16:10.177
,119466.2,200,sell,2025-08-12 15:16:10.177
,119466.2,200,sell,2025-08-12 15:16:10.177
,119466.2,202,sell,2025-08-12 15:16:10.177
,119463.3,2,sell,2025-08-12 15:16:10.177
,119459.8,60,sell,2025-08-12 15:16:10.177
,119459.4,1136,sell,2025-08-12 15:16:10.177
,119458.2,2,sell,2025-08-12 15:16:10.177
,119457.9,236,sell,2025-08-12 15:16:10.177
,119457.9,100,sell,2025-08-12 15:16:13.124
,119458.0,8,buy,2025-08-12 15:16:14.581
,119458.0,12,buy,2025-08-12 15:16:18.934
,119457.9,10,sell,2025-08-12 15:16:23.698
,119457.9,10,sell,2025-08-12 15:16:23.698
,119457.9,36,sell,2025-08-12 15:16:23.698
,119457.9,34,sell,2025-08-12 15:16:23.698
,119457.9,32,sell,2025-08-12 15:16:23.698
,119457.9,72,sell,2025-08-12 15:16:23.698
,119457.9,10,sell,2025-08-12 15:16:27.437
,119457.9,10,sell,2025-08-12 15:16:27.437
,119457.7,22,sell,2025-08-12 15:16:27.437
,119455.8,2,sell,2025-08-12 15:16:27.450
,119454.5,2,sell,2025-08-12 15:16:27.450
,119450.8,2,sell,2025-08-12 15:16:27.450
,119447.7,38,sell,2025-08-12 15:16:27.450
,119447.7,2,sell,2025-08-12 15:16:27.574
,119447.7,20,sell,2025-08-12 15:16:27.595
,119447.7,26,sell,2025-08-12 15:16:27.595
,119447.5,18,sell,2025-08-12 15:16:27.595
,119447.1,2,sell,2025-08-12 15:16:27.595
,119446.5,38,sell,2025-08-12 15:16:27.595
,119446.5,8,sell,2025-08-12 15:16:27.737
,119446.5,202,sell,2025-08-12 15:16:27.847
,119446.5,68,sell,2025-08-12 15:16:27.847
,119446.5,70,sell,2025-08-12 15:16:27.847
,119444.7,2,buy,2025-08-12 15:16:28.743
,119438.0,2,sell,2025-08-12 15:16:33.987
,119437.8,2,sell,2025-08-12 15:16:35.068
,119437.8,2,sell,2025-08-12 15:16:38.681
,119437.8,42,sell,2025-08-12 15:16:39.126
,119437.9,4,buy,2025-08-12 15:16:39.552
,119437.8,4,sell,2025-08-12 15:16:39.610
,119437.8,10,sell,2025-08-12 15:16:39.889
,119437.9,50,buy,2025-08-12 15:16:39.889
,119421.2,36,sell,2025-08-12 15:14:57.182
,119421.2,34,sell,2025-08-12 15:14:57.182
,119421.2,16,sell,2025-08-12 15:14:57.182
,119414.4,2,buy,2025-08-12 15:15:02.703
,119414.4,10,buy,2025-08-12 15:15:02.714
,119414.3,16,sell,2025-08-12 15:15:11.393
,119414.3,150,sell,2025-08-12 15:15:11.393
,119414.3,88,sell,2025-08-12 15:15:11.393
,119414.3,82,sell,2025-08-12 15:15:11.393
,119414.4,18,buy,2025-08-12 15:15:18.115
,119414.3,18,sell,2025-08-12 15:15:19.384
,119414.3,4,sell,2025-08-12 15:15:19.384
,119414.4,34,buy,2025-08-12 15:15:20.770
,119421.3,6,buy,2025-08-12 15:15:21.931
,119428.4,336,buy,2025-08-12 15:15:22.524
,119428.4,140,buy,2025-08-12 15:15:22.524
,119428.4,332,buy,2025-08-12 15:15:22.524
,119428.4,332,buy,2025-08-12 15:15:22.524
,119428.4,796,buy,2025-08-12 15:15:22.524
,119428.6,6,buy,2025-08-12 15:15:27.930
,119430.0,38,buy,2025-08-12 15:15:27.959
,119438.0,2,buy,2025-08-12 15:15:30.104
,119438.0,50,buy,2025-08-12 15:15:30.104
,119438.0,8,buy,2025-08-12 15:15:30.165
,119438.0,2,buy,2025-08-12 15:15:30.291
,119438.2,4,buy,2025-08-12 15:15:30.291
,119448.5,2,buy,2025-08-12 15:15:30.809
,119448.5,56,buy,2025-08-12 15:15:30.809
,119448.5,202,buy,2025-08-12 15:15:30.809
,119448.7,4,buy,2025-08-12 15:15:30.811
,119450.0,6,buy,2025-08-12 15:15:30.811
,119450.0,16,buy,2025-08-12 15:15:30.811
,119450.0,6,buy,2025-08-12 15:15:30.811
,119451.2,60,buy,2025-08-12 15:15:30.811
,119453.8,2,buy,2025-08-12 15:15:30.811
,119455.8,2,buy,2025-08-12 15:15:30.811
,119457.0,2,buy,2025-08-12 15:15:30.817
,119458.1,2,buy,2025-08-12 15:15:30.817
,119460.0,22,buy,2025-08-12 15:15:30.817
,119461.6,2,buy,2025-08-12 15:15:30.817
,119461.8,2,buy,2025-08-12 15:15:30.817
,119463.1,46,buy,2025-08-12 15:15:30.817
,119463.1,12,buy,2025-08-12 15:15:31.687
,119463.1,112,buy,2025-08-12 15:15:31.687
,119463.1,204,buy,2025-08-12 15:15:31.687
,119463.1,70,buy,2025-08-12 15:15:31.687
,119463.1,278,buy,2025-08-12 15:15:31.687
,119463.1,110,buy,2025-08-12 15:15:31.687
,119463.1,174,buy,2025-08-12 15:15:31.687
,119463.0,4,sell,2025-08-12 15:15:32.264
,119463.0,136,sell,2025-08-12 15:15:36.207
,119463.1,28,buy,2025-08-12 15:15:36.885
,119463.1,418,buy,2025-08-12 15:15:36.885
,119463.1,36,buy,2025-08-12 15:15:36.885
,119464.4,4,sell,2025-08-12 15:15:38.303
,119464.5,2,buy,2025-08-12 15:15:47.594
,119464.7,2,buy,2025-08-12 15:15:47.601
,119466.7,8,buy,2025-08-12 15:15:47.601
,119468.0,278,buy,2025-08-12 15:15:47.602
,119469.2,2,buy,2025-08-12 15:15:47.602
,119470.0,28,buy,2025-08-12 15:15:47.602
,119472.8,18,buy,2025-08-12 15:15:48.658
,119472.8,36,buy,2025-08-12 15:15:48.658
,119472.8,16,buy,2025-08-12 15:15:48.658
,119473.6,2,buy,2025-08-12 15:15:48.658
,119487.8,2,buy,2025-08-12 15:15:48.815
,119487.8,16,buy,2025-08-12 15:15:48.815
,119487.8,186,buy,2025-08-12 15:15:49.377
,119488.0,2,buy,2025-08-12 15:15:49.377
,119490.5,16,buy,2025-08-12 15:15:49.378
,119490.5,16,buy,2025-08-12 15:15:49.380
,119490.5,16,buy,2025-08-12 15:15:49.381
,119490.5,12,buy,2025-08-12 15:15:49.557
,119490.7,2,buy,2025-08-12 15:15:49.557
,119491.4,2,buy,2025-08-12 15:15:49.557
,119493.4,58,buy,2025-08-12 15:15:49.557
,119495.1,2,buy,2025-08-12 15:15:49.557
,119498.8,2,buy,2025-08-12 15:15:49.557
,119500.0,2,buy,2025-08-12 15:15:49.557
,119500.0,2,buy,2025-08-12 15:15:50.396
,119499.9,2,sell,2025-08-12 15:15:50.410
,119499.9,2,sell,2025-08-12 15:15:50.416
,119499.9,2,sell,2025-08-12 15:15:50.428
,119500.0,98,buy,2025-08-12 15:15:56.424
,119500.0,230,buy,2025-08-12 15:15:56.424
,119500.0,44,buy,2025-08-12 15:15:56.424
,119500.0,112,buy,2025-08-12 15:15:56.424
,119500.0,66,buy,2025-08-12 15:15:56.424
,119500.0,110,buy,2025-08-12 15:15:56.424
,119500.0,138,buy,2025-08-12 15:15:56.424
,119500.0,40,buy,2025-08-12 15:15:57.498
,119499.9,326,sell,2025-08-12 15:16:00.736
,119499.9,278,sell,2025-08-12 15:16:00.736
,119499.9,278,sell,2025-08-12 15:16:00.736
,119499.9,332,sell,2025-08-12 15:16:00.736
,119499.9,332,sell,2025-08-12 15:16:00.736
,119499.9,332,sell,2025-08-12 15:16:00.736
,119499.9,22,sell,2025-08-12 15:16:00.736
,119499.9,336,sell,2025-08-12 15:16:00.736
,119489.6,58,sell,2025-08-12 15:16:01.234
,119489.6,112,sell,2025-08-12 15:16:01.234
,119488.1,36,sell,2025-08-12 15:16:03.668
,119488.1,36,sell,2025-08-12 15:16:03.668
,119488.1,38,sell,2025-08-12 15:16:03.668
,119488.1,34,sell,2025-08-12 15:16:03.668
,119488.1,20,sell,2025-08-12 15:16:03.668
,119488.1,34,sell,2025-08-12 15:16:03.668
,119488.1,2,sell,2025-08-12 15:16:03.668
,119477.1,110,sell,2025-08-12 15:16:09.125
,119477.1,200,sell,2025-08-12 15:16:09.125
,119477.1,200,sell,2025-08-12 15:16:09.125
,119477.1,200,sell,2025-08-12 15:16:09.125
,119476.9,60,sell,2025-08-12 15:16:09.234
,119466.2,58,sell,2025-08-12 15:16:10.177
,119466.2,26,sell,2025-08-12 15:16:10.177
,119466.2,140,sell,2025-08-12 15:16:10.177
,119466.2,110,sell,2025-08-12 15:16:10.177
,119466.2,10,sell,2025-08-12 15:16:10.177
,119466.2,10,sell,2025-08-12 15:16:10.177
,119466.2,200,sell,2025-08-12 15:16:10.177
,119466.2,200,sell,2025-08-12 15:16:10.177
,119466.2,200,sell,2025-08-12 15:16:10.177
,119466.2,202,sell,2025-08-12 15:16:10.177
,119463.3,2,sell,2025-08-12 15:16:10.177
,119459.8,60,sell,2025-08-12 15:16:10.177
,119459.4,1136,sell,2025-08-12 15:16:10.177
,119458.2,2,sell,2025-08-12 15:16:10.177
,119457.9,236,sell,2025-08-12 15:16:10.177
,119457.9,100,sell,2025-08-12 15:16:13.124
,119458.0,8,buy,2025-08-12 15:16:14.581
,119458.0,12,buy,2025-08-12 15:16:18.934
,119457.9,10,sell,2025-08-12 15:16:23.698
,119457.9,10,sell,2025-08-12 15:16:23.698
,119457.9,36,sell,2025-08-12 15:16:23.698
,119457.9,34,sell,2025-08-12 15:16:23.698
,119457.9,32,sell,2025-08-12 15:16:23.698
,119457.9,72,sell,2025-08-12 15:16:23.698
,119457.9,10,sell,2025-08-12 15:16:27.437
,119457.9,10,sell,2025-08-12 15:16:27.437
,119457.7,22,sell,2025-08-12 15:16:27.437
,119455.8,2,sell,2025-08-12 15:16:27.450
,119454.5,2,sell,2025-08-12 15:16:27.450
,119450.8,2,sell,2025-08-12 15:16:27.450
,119447.7,38,sell,2025-08-12 15:16:27.450
,119447.7,2,sell,2025-08-12 15:16:27.574
,119447.7,20,sell,2025-08-12 15:16:27.595
,119447.7,26,sell,2025-08-12 15:16:27.595
,119447.5,18,sell,2025-08-12 15:16:27.595
,119447.1,2,sell,2025-08-12 15:16:27.595
,119446.5,38,sell,2025-08-12 15:16:27.595
,119446.5,8,sell,2025-08-12 15:16:27.737
,119446.5,202,sell,2025-08-12 15:16:27.847
,119446.5,68,sell,2025-08-12 15:16:27.847
,119446.5,70,sell,2025-08-12 15:16:27.847
,119444.7,2,buy,2025-08-12 15:16:28.743
,119438.0,2,sell,2025-08-12 15:16:33.987
,119437.8,2,sell,2025-08-12 15:16:35.068
,119437.8,2,sell,2025-08-12 15:16:38.681
,119437.8,42,sell,2025-08-12 15:16:39.126
,119437.9,4,buy,2025-08-12 15:16:39.552
,119437.8,4,sell,2025-08-12 15:16:39.610
,119437.8,10,sell,2025-08-12 15:16:39.889
,119437.9,50,buy,2025-08-12 15:16:39.889
,119437.9,34,buy,2025-08-12 15:16:47.627
,119437.9,34,buy,2025-08-12 15:16:47.627
,119437.9,28,buy,2025-08-12 15:16:47.627
,119446.9,2,sell,2025-08-12 15:16:47.681
,119455.8,334,sell,2025-08-12 15:16:49.814
,119421.2,36,sell,2025-08-12 15:14:57.182
,119421.2,34,sell,2025-08-12 15:14:57.182
,119421.2,16,sell,2025-08-12 15:14:57.182
,119414.4,2,buy,2025-08-12 15:15:02.703
,119414.4,10,buy,2025-08-12 15:15:02.714
,119414.3,16,sell,2025-08-12 15:15:11.393
,119414.3,150,sell,2025-08-12 15:15:11.393
,119414.3,88,sell,2025-08-12 15:15:11.393
,119414.3,82,sell,2025-08-12 15:15:11.393
,119414.4,18,buy,2025-08-12 15:15:18.115
,119414.3,18,sell,2025-08-12 15:15:19.384
,119414.3,4,sell,2025-08-12 15:15:19.384
,119414.4,34,buy,2025-08-12 15:15:20.770
,119421.3,6,buy,2025-08-12 15:15:21.931
,119428.4,336,buy,2025-08-12 15:15:22.524
,119428.4,140,buy,2025-08-12 15:15:22.524
,119428.4,332,buy,2025-08-12 15:15:22.524
,119428.4,332,buy,2025-08-12 15:15:22.524
,119428.4,796,buy,2025-08-12 15:15:22.524
,119428.6,6,buy,2025-08-12 15:15:27.930
,119430.0,38,buy,2025-08-12 15:15:27.959
,119438.0,2,buy,2025-08-12 15:15:30.104
,119438.0,50,buy,2025-08-12 15:15:30.104
,119438.0,8,buy,2025-08-12 15:15:30.165
,119438.0,2,buy,2025-08-12 15:15:30.291
,119438.2,4,buy,2025-08-12 15:15:30.291
,119448.5,2,buy,2025-08-12 15:15:30.809
,119448.5,56,buy,2025-08-12 15:15:30.809
,119448.5,202,buy,2025-08-12 15:15:30.809
,119448.7,4,buy,2025-08-12 15:15:30.811
,119450.0,6,buy,2025-08-12 15:15:30.811
,119450.0,16,buy,2025-08-12 15:15:30.811
,119450.0,6,buy,2025-08-12 15:15:30.811
,119451.2,60,buy,2025-08-12 15:15:30.811
,119453.8,2,buy,2025-08-12 15:15:30.811
,119455.8,2,buy,2025-08-12 15:15:30.811
,119457.0,2,buy,2025-08-12 15:15:30.817
,119458.1,2,buy,2025-08-12 15:15:30.817
,119460.0,22,buy,2025-08-12 15:15:30.817
,119461.6,2,buy,2025-08-12 15:15:30.817
,119461.8,2,buy,2025-08-12 15:15:30.817
,119463.1,46,buy,2025-08-12 15:15:30.817
,119463.1,12,buy,2025-08-12 15:15:31.687
,119463.1,112,buy,2025-08-12 15:15:31.687
,119463.1,204,buy,2025-08-12 15:15:31.687
,119463.1,70,buy,2025-08-12 15:15:31.687
,119463.1,278,buy,2025-08-12 15:15:31.687
,119463.1,110,buy,2025-08-12 15:15:31.687
,119463.1,174,buy,2025-08-12 15:15:31.687
,119463.0,4,sell,2025-08-12 15:15:32.264
,119463.0,136,sell,2025-08-12 15:15:36.207
,119463.1,28,buy,2025-08-12 15:15:36.885
,119463.1,418,buy,2025-08-12 15:15:36.885
,119463.1,36,buy,2025-08-12 15:15:36.885
,119464.4,4,sell,2025-08-12 15:15:38.303
,119464.5,2,buy,2025-08-12 15:15:47.594
,119464.7,2,buy,2025-08-12 15:15:47.601
,119466.7,8,buy,2025-08-12 15:15:47.601
,119468.0,278,buy,2025-08-12 15:15:47.602
,119469.2,2,buy,2025-08-12 15:15:47.602
,119470.0,28,buy,2025-08-12 15:15:47.602
,119472.8,18,buy,2025-08-12 15:15:48.658
,119472.8,36,buy,2025-08-12 15:15:48.658
,119472.8,16,buy,2025-08-12 15:15:48.658
,119473.6,2,buy,2025-08-12 15:15:48.658
,119487.8,2,buy,2025-08-12 15:15:48.815
,119487.8,16,buy,2025-08-12 15:15:48.815
,119487.8,186,buy,2025-08-12 15:15:49.377
,119488.0,2,buy,2025-08-12 15:15:49.377
,119490.5,16,buy,2025-08-12 15:15:49.378
,119490.5,16,buy,2025-08-12 15:15:49.380
,119490.5,16,buy,2025-08-12 15:15:49.381
,119490.5,12,buy,2025-08-12 15:15:49.557
,119490.7,2,buy,2025-08-12 15:15:49.557
,119491.4,2,buy,2025-08-12 15:15:49.557
,119493.4,58,buy,2025-08-12 15:15:49.557
,119495.1,2,buy,2025-08-12 15:15:49.557
,119498.8,2,buy,2025-08-12 15:15:49.557
,119500.0,2,buy,2025-08-12 15:15:49.557
,119500.0,2,buy,2025-08-12 15:15:50.396
,119499.9,2,sell,2025-08-12 15:15:50.410
,119499.9,2,sell,2025-08-12 15:15:50.416
,119499.9,2,sell,2025-08-12 15:15:50.428
,119500.0,98,buy,2025-08-12 15:15:56.424
,119500.0,230,buy,2025-08-12 15:15:56.424
,119500.0,44,buy,2025-08-12 15:15:56.424
,119500.0,112,buy,2025-08-12 15:15:56.424
,119500.0,66,buy,2025-08-12 15:15:56.424
,119500.0,110,buy,2025-08-12 15:15:56.424
,119500.0,138,buy,2025-08-12 15:15:56.424
,119500.0,40,buy,2025-08-12 15:15:57.498
,119499.9,326,sell,2025-08-12 15:16:00.736
,119499.9,278,sell,2025-08-12 15:16:00.736
,119499.9,278,sell,2025-08-12 15:16:00.736
,119499.9,332,sell,2025-08-12 15:16:00.736
,119499.9,332,sell,2025-08-12 15:16:00.736
,119499.9,332,sell,2025-08-12 15:16:00.736
,119499.9,22,sell,2025-08-12 15:16:00.736
,119499.9,336,sell,2025-08-12 15:16:00.736
,119489.6,58,sell,2025-08-12 15:16:01.234
,119489.6,112,sell,2025-08-12 15:16:01.234
,119488.1,36,sell,2025-08-12 15:16:03.668
,119488.1,36,sell,2025-08-12 15:16:03.668
,119488.1,38,sell,2025-08-12 15:16:03.668
,119488.1,34,sell,2025-08-12 15:16:03.668
,119488.1,20,sell,2025-08-12 15:16:03.668
,119488.1,34,sell,2025-08-12 15:16:03.668
,119488.1,2,sell,2025-08-12 15:16:03.668
,119477.1,110,sell,2025-08-12 15:16:09.125
,119477.1,200,sell,2025-08-12 15:16:09.125
,119477.1,200,sell,2025-08-12 15:16:09.125
,119477.1,200,sell,2025-08-12 15:16:09.125
,119476.9,60,sell,2025-08-12 15:16:09.234
,119466.2,58,sell,2025-08-12 15:16:10.177
,119466.2,26,sell,2025-08-12 15:16:10.177
,119466.2,140,sell,2025-08-12 15:16:10.177
,119466.2,110,sell,2025-08-12 15:16:10.177
,119466.2,10,sell,2025-08-12 15:16:10.177
,119466.2,10,sell,2025-08-12 15:16:10.177
,119466.2,200,sell,2025-08-12 15:16:10.177
,119466.2,200,sell,2025-08-12 15:16:10.177
,119466.2,200,sell,2025-08-12 15:16:10.177
,119466.2,202,sell,2025-08-12 15:16:10.177
,119463.3,2,sell,2025-08-12 15:16:10.177
,119459.8,60,sell,2025-08-12 15:16:10.177
,119459.4,1136,sell,2025-08-12 15:16:10.177
,119458.2,2,sell,2025-08-12 15:16:10.177
,119457.9,236,sell,2025-08-12 15:16:10.177
,119457.9,100,sell,2025-08-12 15:16:13.124
,119458.0,8,buy,2025-08-12 15:16:14.581
,119458.0,12,buy,2025-08-12 15:16:18.934
,119457.9,10,sell,2025-08-12 15:16:23.698
,119457.9,10,sell,2025-08-12 15:16:23.698
,119457.9,36,sell,2025-08-12 15:16:23.698
,119457.9,34,sell,2025-08-12 15:16:23.698
,119457.9,32,sell,2025-08-12 15:16:23.698
,119457.9,72,sell,2025-08-12 15:16:23.698
,119457.9,10,sell,2025-08-12 15:16:27.437
,119457.9,10,sell,2025-08-12 15:16:27.437
,119457.7,22,sell,2025-08-12 15:16:27.437
,119455.8,2,sell,2025-08-12 15:16:27.450
,119454.5,2,sell,2025-08-12 15:16:27.450
,119450.8,2,sell,2025-08-12 15:16:27.450
,119447.7,38,sell,2025-08-12 15:16:27.450
,119447.7,2,sell,2025-08-12 15:16:27.574
,119447.7,20,sell,2025-08-12 15:16:27.595
,119447.7,26,sell,2025-08-12 15:16:27.595
,119447.5,18,sell,2025-08-12 15:16:27.595
,119447.1,2,sell,2025-08-12 15:16:27.595
,119446.5,38,sell,2025-08-12 15:16:27.595
,119446.5,8,sell,2025-08-12 15:16:27.737
,119446.5,202,sell,2025-08-12 15:16:27.847
,119446.5,68,sell,2025-08-12 15:16:27.847
,119446.5,70,sell,2025-08-12 15:16:27.847
,119444.7,2,buy,2025-08-12 15:16:28.743
,119438.0,2,sell,2025-08-12 15:16:33.987
,119437.8,2,sell,2025-08-12 15:16:35.068
,119437.8,2,sell,2025-08-12 15:16:38.681
,119437.8,42,sell,2025-08-12 15:16:39.126
,119437.9,4,buy,2025-08-12 15:16:39.552
,119437.8,4,sell,2025-08-12 15:16:39.610
,119437.8,10,sell,2025-08-12 15:16:39.889
,119437.9,50,buy,2025-08-12 15:16:39.889
,119437.9,34,buy,2025-08-12 15:16:47.627
,119437.9,34,buy,2025-08-12 15:16:47.627
,119437.9,28,buy,2025-08-12 15:16:47.627
,119446.9,2,sell,2025-08-12 15:16:47.681
,119455.8,334,sell,2025-08-12 15:16:49.814
,119457.0,192,buy,2025-08-12 15:16:57.179
,119472.9,278,buy,2025-08-12 15:16:59.192
,119472.9,208,buy,2025-08-12 15:16:59.192
,119472.9,124,buy,2025-08-12 15:16:59.192
,119473.1,8,buy,2025-08-12 15:16:59.192
,119473.6,2,buy,2025-08-12 15:16:59.355
,119473.8,6,buy,2025-08-12 15:16:59.355
,119480.2,60,buy,2025-08-12 15:16:59.355
,119480.3,2,buy,2025-08-12 15:16:59.355
,119481.8,2,buy,2025-08-12 15:16:59.355
,119487.7,2,buy,2025-08-12 15:16:59.355
,119490.5,4,buy,2025-08-12 15:16:59.355
,119491.4,2,buy,2025-08-12 15:16:59.355
,119491.4,2,buy,2025-08-12 15:16:59.355
,119495.1,2,buy,2025-08-12 15:16:59.355
,119497.6,266,buy,2025-08-12 15:16:59.355
,119490.5,2,buy,2025-08-12 15:17:01.993
,119490.5,2,buy,2025-08-12 15:17:02.813
,119490.4,4,sell,2025-08-12 15:17:02.887
,119490.5,20,buy,2025-08-12 15:17:03.078
